住基,MJ
괝,々
㐀,㐀
㐂,㐂
㐄,㐄
㐅,㐅
㐆,㐆
㐧,㐧
㐪,㐪
삳,㐪
㐬,㐬
㐭,㐭
㐮,㐮
묍,㐮
묎,㐮
㐯,㐯
㐰,㐰
㐲,㐲
㐶,㐶
굇,㐶
㐺,㐺
㑁,㑁
살,㑂
㑂,㑂
㑅,㑅
㑆,㑆
㑐,㑐
㑒,㑒
㑓,㑓
㑘,㑘
㑞,㑞
㑤,㑤
㑦,㑦
㑧,㑧
㑨,㑨
㑪,㑪
㑸,㑸
㑹,㑹
㒒,㒒
㒞,㒞
㒫,㒫
㒴,㒴
㒵,㒵
㒶,㒶
㒼,㒼
㓁,㓁
㓃,㓃
귷,㓃
㓇,㓇
㓗,㓗
㓛,㓛
㓜,㓜
㓝,㓝
㓪,㓪
㓬,㓬
㓲,㓲
㔁,㔁
㔓,㔓
㔕,㔕
㔗,㔗
㔚,㔚
㔜,㔜
㔟,㔟
㔦,㔦
㔫,㔫
㔬,㔬
㔰,㔰
㔱,㔱
깛,㔱
㔳,㔳
㔴,㔴
㔵,㔵
㔺,㔺
㔼,㔼
㔾,㔾
㕃,㕃
㕍,㕍
㕓,㕓
㕚,㕚
꺜,㕛
㕛,㕛
㕜,㕜
㕝,㕝
㕞,㕞
㕣,㕣
㕦,㕦
㕧,㕧
㕮,㕮
㕯,㕯
꺵,㕯
㕵,㕵
㕹,㕹
㕽,㕽
㖖,㖖
㖢,㖢
㖦,㖦
㖨,㖨
㖫,㖫
㖶,㖶
㗁,㗁
㗅,㗅
㗆,㗆
㗇,㗇
㗔,㗔
껻,㗔
㗖,㗖
껹,㗖
㗚,㗚
㗛,㗛
㗞,㗞
㗤,㗤
㗫,㗫
㗴,㗴
꼎,㗻
㗻,㗻
㘅,㘅
㘜,㘜
㘢,㘢
㘫,㘫
㘲,㘲
㘴,㘴
삶,㘴
㙄,㙄
꽞,㙄
㙊,㙊
㙒,㙒
꽴,㙛
㙻,㙻
㚆,㚆
㚈,㚈
㚉,㚉
꾿,㚑
㚑,㚑
㚕,㚕
㚖,㚖
㚙,㚙
㚠,㚠
㚻,㚻
㛏,㛏
㛒,㛒
㛷,㛷
㜾,㜾
㝇,㝇
㝋,㝋
㝑,㝑
㝘,㝘
㝙,㝙
㝟,㝟
㝠,㝠
㝡,㝡
㝢,㝢
㝫,㝫
㝬,㝬
㝭,㝭
㝵,㝵
㞍,㞍
㞪,㞪
㞬,㞬
㞮,㞮
㞴,㞴
㞷,㞷
㞺,㞺
㞻,㞻
㞼,㞼
㞿,㞿
㟁,㟁
㟒,㟒
㟛,㟛
㟜,㟜
㟟,㟟
끹,㟟
㟡,㟡
㟢,㟢
㟧,㟧
㟨,㟨
㟴,㟴
㟵,㟵
㟻,㟻
㟽,㟽
㠀,㠀
㠉,㠉
㠌,㠌
㠎,㠎
㠐,㠐
㠕,㠕
㠖,㠖
㠗,㠗
낅,㠗
㠝,㠝
㠪,㠪
㠯,㠯
낔,㠯
㠶,㠶
㠼,㠼
㡀,㡀
낧,㡄
㡌,㡌
낯,㡌
㡜,㡜
㡞,㡞
㡡,㡡
㡢,㡢
낼,㡢
㡣,㡣
㡫,㡫
㡬,㡬
㡳,㡳
㡽,㡽
㢈,㢈
㢋,㢋
㢑,㢑
㢕,㢕
㢜,㢜
㢡,㢡
㢢,㢢
㢣,㢣
㢧,㢧
㢴,㢴
넊,㢴
㣀,㣀
㣃,㣃
㣉,㣉
㣘,㣘
㣞,㣞
㣠,㣠
㣢,㣢
㣥,㣥
㣪,㣪
㣱,㣱
㣲,㣲
㣺,㣺
㣼,㣼
㤅,㤅
녓,㤅
㤗,㤗
샤,㤗
㤙,㤙
㤚,㤚
㤠,㤠
㤢,㤢
㤩,㤩
㤫,㤫
㤯,㤯
㤵,㤵
㤺,㤺
㥀,㥀
㥁,㥁
㥌,㥌
㥐,㥐
㥠,㥠
㥣,㥣
㥤,㥤
㥦,㥦
㥩,㥩
㥯,㥯
㥱,㥱
놉,㥱
㥲,㥲
㥳,㥳
㦘,㦘
㦛,㦛
㦞,㦞
㦢,㦢
㦣,㦣
㦤,㦤
㦥,㦥
㦮,㦮
뇈,㦮
㦱,㦱
㦲,㦲
뇎,㦶
㦶,㦶
㦾,㦾
㧈,㧈
㧞,㧞
뇢,㧞
㧨,㧨
㧽,㧽
뇿,㨂
㨋,㨋
㨗,㨗
눈,㨗
㨯,㨯
눢,㨯
㨶,㨶
㨻,㨻
㨿,㨿
눡,㨿
㩍,㩍
㩜,㩜
㩮,㩮
㩳,㩳
㩽,㩽
㪅,㪅
㪉,㪉
㪘,㪘
㪟,㪟
㪰,㪰
㪽,㪽
㪿,㪿
㫀,㫀
㫄,㫄
㫐,㫐
㫑,㫑
㫕,㫕
㫖,㫖
㫗,㫗
㫛,㫛
㫞,㫞
느,㫠
㫠,㫠
㫤,㫤
㫦,㫦
㫨,㫨
㫪,㫪
㫬,㫬
㫯,㫯
㫳,㫳
늜,㫴
㫴,㫴
㫶,㫶
㫷,㫷
㫼,㫼
㬁,㬁
㬊,㬊
㬌,㬌
㬎,㬎
㬚,㬚
㬜,㬜
㬝,㬝
닂,㬝
㬢,㬢
㬥,㬥
㬦,㬦
㬧,㬧
로,㬧
㬰,㬰
㬶,㬶
㬼,㬼
㭃,㭃
㭌,㭌
㭕,㭕
㭙,㭙
㭝,㭝
㭭,㭭
㭴,㭴
댫,㭴
㭷,㭷
㭸,㭸
㭻,㭻
㮇,㮇
㮈,㮈
㮊,㮊
㮋,㮋
㮍,㮍
㮛,㮛
㮤,㮤
㮵,㮵
㮶,㮶
덋,㮸
덟,㮸
㮻,㮻
㯃,㯃
㯍,㯍
㯢,㯢
뎫,㯬
㯬,㯬
㯰,㯰
㯳,㯳
㯸,㯸
뎧,㯾
㯾,㯾
뎴,㰅
㰅,㰅
㰏,㰏
㰓,㰓
돒,㰖
㰞,㰞
㰦,㰦
㰭,㰭
㰮,㰮
㰱,㰱
㰸,㰸
㱅,㱅
㱋,㱋
㱏,㱏
㱕,㱕
㱝,㱝
㲊,㲊
㲛,㲛
㲝,㲝
㲠,㲠
㲸,㲸
㲹,㲹
㲼,㲼
㳃,㳃
㳑,㳑
㳒,㳒
㳖,㳖
㳙,㳙
㳚,㳚
㳜,㳜
삽,㳟
㳟,㳟
됫,㳟
㳵,㳵
㳺,㳺
㴀,㴀
㴑,㴑
둵,㴛
둛,㴞
㴞,㴞
㴠,㴠
㴬,㴬
㴵,㴵
㵎,㵎
㵒,㵒
㵓,㵓
듓,㵝
㵝,㵝
㵤,㵤
㵧,㵧
㵮,㵮
㵶,㵶
㵼,㵼
듦,㵾
듧,㵾
㶀,㶀
㶓,㶓
럣,𮆨
㶚,㶚
㶦,㶦
㶱,㶱
㶵,㶵
㷀,㷀
㷉,㷉
㷔,㷔
㷖,㷖
딥,㷟
㷟,㷟
딴,㷭
㷭,㷭
㷱,㷱
땎,㸂
㸂,㸂
㸅,㸅
㸏,㸏
땠,㸏
㸳,㸳
㸿,㸿
㹀,㹀
㹅,㹅
㹜,㹜
㹠,㹠
㹣,㹣
㹦,㹦
㹨,㹨
㹲,㹲
㹷,㹷
㹹,㹹
㺃,㺃
㺊,㺊
㺔,㺔
떏,㺚
㺚,㺚
㺲,㺲
떥,㻆
㻚,㻚
㻡,㻡
㻨,㻨
㼋,㼋
㼘,㼘
㼼,㼼
㽖,㽖
㽗,㽗
㽪,㽪
㽲,㽲
㽵,㽵
㽷,㽷
㾗,㾗
㾮,㾮
똎,㾱
㿂,㿂
똑,㿂
㿉,㿉
㿋,㿋
㿍,㿍
㿗,㿗
㿟,㿟
㿤,㿤
䀴,䀴
䀵,䀵
䀹,䀹
䁀,䁀
䁈,䁈
䁐,䁐
䁑,䁑
䁘,䁘
䁟,䁟
䁱,䁱
䂊,䂊
䂓,䂓
뙰,䂖
䂖,䂖
䂢,䂢
䂥,䂥
䂨,䂨
䂲,䂲
䃍,䃍
뚍,䃘
䃝,䃝
䃯,䃯
뚡,䃽
뚪,䃽
뚭,䃾
䃾,䃾
䄀,䄀
䄂,䄂
뚹,䄃
䄃,䄃
뛏,䄄
뛖,䄄
뛙,䄅
䄅,䄅
䄇,䄇
뛦,䄇
뛭,䄍
뛵,䄍
뛢,䄏
뛶,䄏
䄒,䄒
뜢,䄠
뜦,䄠
䄦,䄦
䄪,䄪
䄫,䄫
䄸,䄸
䅅,䅅
䅆,䅆
䅈,䅈
䅋,䅋
䅏,䅏
䅞,䅞
䅢,䅢
䅣,䅣
샇,䅥
䅥,䅥
䆁,䆁
띘,䆃
띟,䆃
䆒,䆒
띭,䆒
라,䆳
띿,䆳
䆴,䆴
䆿,䆿
䇊,䇊
䇋,䇋
䇒,䇒
䇡,䇡
䇦,䇦
䇮,䇮
䇱,䇱
䇳,䇳
䇿,䇿
䈇,䈇
䈎,䈎
䈕,䈕
䈞,䈞
䈧,䈧
䈴,䈴
䈵,䈵
䉆,䉆
䉖,䉖
䉜,䉜
䉤,䉤
䉺,䉺
䉽,䉽
䊀,䊀
䊅,䊅
䊑,䊑
䊓,䊓
䊗,䊗
䊢,䊢
䊣,䊣
䊦,䊦
䊯,䊯
䊶,䊶
䋁,䋁
䋃,䋃
䋄,䋄
렏,䋆
䋆,䋆
䋇,䋇
䋐,䋐
䋖,䋖
䋛,䋛
䋝,䋝
䋨,䋨
䌂,䌂
䌆,䌆
䌇,䌇
䌓,䌓
䌖,䌖
䌞,䌞
䌫,䌫
䌬,䌬
䍃,䍃
䍏,䍏
䍪,䍪
䎩,䎩
䏊,䏊
䏋,䏋
朊,䏓
䏕,䏕
䏞,䏞
䏬,䏬
䏮,䏮
䏯,䏯
䏰,䏰
䏷,䏷
䏸,䏸
䐈,䐈
䐌,䐌
䐗,䐗
䐜,䐜
䐢,䐢
䐤,䐤
䑑,䑑
䑓,䑓
䑛,䑛
䑧,䑧
䑨,䑨
䑭,䑭
䑶,䑶
䑺,䑺
䒑,䒑
䒔,䒔
䒢,䒢
䒩,䒩
륖,䒩
䒫,䒫
䒱,䒱
䒳,䒳
륶,䒳
䒶,䒶
륦,䒹
䒹,䒹
륳,䒹
䒾,䒾
䓁,䓁
䓌,䓌
䓐,䓐
䓓,䓓
䓔,䓔
䓦,䓦
䓲,䓲
䓵,䓵
䓶,䓶
䓺,䓺
䓻,䓻
䔆,䔆
䔈,䔈
먘,䔈
䔊,䔊
䔍,䔍
맾,䔏
䔏,䔏
䔤,䔤
䔥,䔥
먷,䔥
䔵,䔵
䔻,䔻
멊,䔻
䔼,䔼
䕃,䕃
멇,䕃
䕌,䕌
샏,䕌
䕞,䕞
몉,䕞
䕫,䕫
모,䕶
䕶,䕶
䕺,䕺
䕾,䕾
䖇,䖇
䖍,䖍
몲,䖍
䖎,䖎
빲,䖎
䖓,䖓
䖛,䖛
䖝,䖝
몹,䖝
䖣,䖣
䖧,䖧
䖸,䖸
䗙,䗙
䗝,䗝
䗟,䗟
䗥,䗥
뫟,䗦
䗦,䗦
䗪,䗪
䗳,䗳
䘀,䘀
䘍,䘍
䘏,䘏
䘐,䘐
䘖,䘖
䘘,䘘
䘡,䘡
䘱,䘱
䘺,䘺
䙁,䙁
묜,䙜
䙜,䙜
묡,䙝
䙝,䙝
䙞,䙞
䙥,䙥
䙲,䙲
䙴,䙴
䙹,䙹
䙺,䙺
䙽,䙽
䚈,䚈
䚡,䚡
䚬,䚬
䚮,䚮
䚯,䚯
䚱,䚱
䚸,䚸
䛑,䛑
䛕,䛕
䛦,䛦
䛭,䛭
䛮,䛮
䛱,䛱
䜋,䜋
䜌,䜌
䜏,䜏
뮚,䜚
䜚,䜚
䜟,䜟
샔,䜟
䜢,䜢
䜬,䜬
䝉,䝉
䝤,䝤
䝨,䝨
믃,䝨
䝩,䝩
䝯,䝯
䝷,䝷
䝺,䝺
䝼,䝼
믊,䝼
䝿,䝿
䞇,䞇
䞯,䞯
䟦,䟦
䟽,䟽
䠁,䠁
䠖,䠖
䠴,䠴
䡄,䡄
박,䡎
䡎,䡎
䡗,䡗
䡱,䡱
밤,䡵
밦,䡵
䢉,䢉
뱏,䢌
䢌,䢌
뱒,䢐
䢐,䢐
뱫,䢔
䢔,䢔
뱷,䢖
䢗,䢗
䢞,䢞
䢟,䢟
䢣,䢣
봆,䢦
봅,䢦
봥,䢫
䢫,䢫
뵜,䢰
뵛,䢰
䢵,䢵
䣐,䣐
䣛,䣛
䣦,䣦
䣩,䣩
䣬,䣬
䣳,䣳
䣴,䣴
䤎,䤎
䤛,䤛
䤝,䤝
䤞,䤞
䤢,䤢
䤣,䤣
䤤,䤤
䤩,䤩
䤫,䤫
䤰,䤰
䤱,䤱
䤷,䤷
䥃,䥃
䥍,䥍
䥎,䥎
䥏,䥏
䥓,䥓
䥢,䥢
빓,䥬
䥮,䥮
䥶,䥶
빉,𮣙
䦇,䦇
䦎,䦎
䦓,䦓
䦚,䦚
䦜,䦜
䦞,䦞
빢,䦨
䦨,䦨
䦭,䦭
䦰,䦰
䦴,䦴
䦽,䦽
䦾,䦾
䧄,䧄
䧉,䧉
䧏,䧏
䧔,䧔
䧞,䧞
䧢,䧢
䧧,䧧
䧶,䧶
䧺,䧺
붼,䧽
䨄,䨄
䨖,䨖
뺢,䨤
䨤,䨤
뺥,䨨
䨨,䨨
䨩,䨩
䨬,䨬
䨱,䨱
䨼,䨼
뺽,䨼
䩍,䩍
䩗,䩗
䩫,䩫
䩭,䩭
䪄,䪄
䪩,䪩
䪵,䪵
䪷,䪷
䪸,䪸
䪼,䪼
䫓,䫓
䫝,䫝
뻴,䫝
䫫,䫫
뼀,䬢
䬢,䬢
뼑,䬪
䬪,䬪
뼒,䬮
䬮,䬮
뼗,䬳
䬳,䬳
뼙,䬴
䬴,䬴
뼨,䬹
䬹,䬹
䬻,䬻
뼰,䬼
䬼,䬼
뼯,䭀
䭀,䭀
뽅,䭃
䭃,䭃
뽇,䭅
䭅,䭅
뽔,䭇
䭇,䭇
뽩,䭉
䭉,䭉
뽲,䭋
䭋,䭋
뾁,䭐
䭐,䭐
뾄,䭑
뾃,䭑
뾈,䭒
䭒,䭒
뽹,䭔
䭔,䭔
䭕,䭕
뿅,䭡
䭡,䭡
뿆,䭣
䭣,䭣
뿍,䭨
䭨,䭨
뿑,䭩
䭩,䭩
䭰,䭰
䭵,䭵
䭿,䭿
䮞,䮞
䮲,䮲
䯂,䯂
䯊,䯊
䯒,䯒
䯛,䯛
䯨,䯨
䯫,䯫
䯬,䯬
뿶,䯬
䰇,䰇
䰌,䰌
뿿,䰗
䰗,䰗
쀀,䰗
䰠,䰠
䰵,䰵
䰺,䰺
䱍,䱍
䱐,䱐
䱰,䱰
䱶,䱶
䲨,䲨
䲬,䲬
䲳,䲳
䲽,䲽
䲾,䲾
䳄,䳄
䳑,䳑
䳡,䳡
䴇,䴇
䴎,䴎
䴟,䴟
䴡,䴡
䴪,䴪
쁫,䴪
䵷,䵷
䶑,䶑
䶬,䶬
䶯,䶯
䶰,䶰
一,一
丁,丁
丂,丂
七,七
丄,丄
丅,丅
万,万
괁,万
丈,丈
괃,丈
三,三
上,上
下,下
丌,丌
不,不
与,与
丏,丏
丐,丐
丑,丑
丒,丒
괇,丒
괈,丑
괉,丒
괊,丑
且,且
丕,丕
世,世
丗,丗
丘,丘
丙,丙
괍,丙
业,业
丞,丞
丟,丟
両,両
丢,丢
丣,丣
两,两
並,並
丨,丨
丩,丩
个,个
丫,丫
丬,丬
中,中
丮,丮
丯,丯
丰,丰
괚,丰
丱,丱
串,串
丵,丵
丶,丶
丸,丸
丹,丹
主,主
괞,主
丼,丼
丿,丿
乀,乀
乁,乁
乂,乂
괠,乂
괡,乂
乃,乃
乄,乄
괢,乄
샡,久
久,久
乇,乇
么,么
之,之
乍,乍
乎,乎
乏,乏
乑,乑
乕,乕
괥,乕
乖,乖
乗,乗
乘,乘
乙,乙
乚,乚
乜,乜
九,九
乞,乞
也,也
乢,乢
乣,乣
乨,乨
乩,乩
乱,乱
괧,乳
乳,乳
乴,乴
乵,乵
괦,乵
乹,乹
乾,乾
乿,乿
亀,亀
亂,亂
괨,亂
亄,亄
亅,亅
了,了
予,予
争,争
亊,亊
事,事
二,二
亍,亍
于,于
云,云
互,互
五,五
井,井
亖,亖
亗,亗
亘,亘
亙,亙
些,些
亜,亜
亝,亝
亞,亞
괔,亟
亟,亟
괕,亟
亠,亠
亡,亡
亢,亢
交,交
괬,交
亥,亥
괫,亥
亦,亦
亨,亨
享,享
京,京
亭,亭
亮,亮
괭,亮
亯,亯
亰,亰
亳,亳
亶,亶
괱,亶
랗,亷
괽,亹
亹,亹
괻,亹
人,人
亻,亻
亼,亼
什,什
仁,仁
仂,仂
仃,仃
仄,仄
仆,仆
仇,仇
仈,仈
今,今
介,介
仍,仍
从,从
仏,仏
仐,仐
仔,仔
仕,仕
他,他
仗,仗
굆,仗
付,付
仙,仙
仚,仚
仛,仛
仝,仝
仞,仞
굄,仞
仟,仟
仠,仠
仡,仡
仢,仢
代,代
令,令
以,以
仨,仨
仫,仫
仭,仭
굃,仭
仮,仮
仯,仯
仰,仰
仱,仱
仲,仲
仳,仳
仵,仵
件,件
价,价
任,任
仼,仼
份,份
仾,仾
仿,仿
伀,伀
굌,伀
企,企
伂,伂
伃,伃
伈,伈
伉,伉
伊,伊
굉,伋
伋,伋
伌,伌
伍,伍
伎,伎
伏,伏
伐,伐
休,休
伒,伒
伕,伕
伖,伖
众,众
伙,伙
会,会
伜,伜
伝,伝
伭,伭
伮,伮
伯,伯
估,估
伱,伱
伲,伲
伳,伳
굑,伴
伴,伴
伵,伵
伶,伶
伷,伷
伸,伸
伹,伹
伺,伺
伻,伻
似,似
伽,伽
伾,伾
佀,佀
굒,佀
佂,佂
佃,佃
但,但
佇,佇
佈,佈
佉,佉
佋,佋
佌,佌
位,位
低,低
住,住
굓,住
佐,佐
佑,佑
佒,佒
体,体
佔,佔
何,何
佖,佖
佗,佗
佘,佘
余,余
佚,佚
佛,佛
作,作
佝,佝
佞,佞
佟,佟
你,你
굏,你
佣,佣
佤,佤
굔,佨
佩,佩
佪,佪
佬,佬
佭,佭
佮,佮
佯,佯
佰,佰
佱,佱
佳,佳
併,併
佶,佶
佷,佷
佸,佸
佹,佹
佺,佺
굚,佺
佻,佻
佼,佼
굞,佼
佽,佽
굛,佽
굜,佾
佾,佾
使,使
굝,使
侁,侁
侂,侂
侃,侃
侄,侄
侅,侅
來,來
侈,侈
侉,侉
侊,侊
例,例
侌,侌
侍,侍
侎,侎
侏,侏
侐,侐
侑,侑
侒,侒
侓,侓
侔,侔
侖,侖
侗,侗
侘,侘
侙,侙
侚,侚
供,供
侜,侜
굟,侜
依,依
侞,侞
侟,侟
侠,侠
価,価
侫,侫
꿣,侫
侭,侭
侮,侮
侯,侯
侰,侰
侱,侱
굥,侱
侲,侲
굣,侵
侵,侵
侶,侶
侷,侷
굮,侹
侹,侹
侻,侻
侼,侼
侽,侽
侾,侾
便,便
굤,便
俀,俀
俁,俁
係,係
促,促
俄,俄
俅,俅
俆,俆
俈,俈
俉,俉
俊,俊
俋,俋
俌,俌
俍,俍
俎,俎
俏,俏
俐,俐
俑,俑
俒,俒
俓,俓
俔,俔
俗,俗
俘,俘
굧,俘
俚,俚
俛,俛
俜,俜
保,保
俞,俞
굨,俞
俟,俟
俠,俠
信,信
俢,俢
俣,俣
俤,俤
俥,俥
俦,俦
修,修
俯,俯
俰,俰
俱,俱
俲,俲
俳,俳
俴,俴
俵,俵
俶,俶
俸,俸
俺,俺
俼,俼
俽,俽
俾,俾
俿,俿
倀,倀
倁,倁
굹,倂
倂,倂
倄,倄
倅,倅
倆,倆
倇,倇
倉,倉
倊,倊
個,個
倌,倌
倍,倍
倎,倎
倏,倏
倐,倐
궂,倐
們,們
倒,倒
倓,倓
倔,倔
倖,倖
굳,倖
倗,倗
倘,倘
候,候
倚,倚
倛,倛
倜,倜
倝,倝
倞,倞
借,借
倠,倠
倡,倡
倢,倢
倣,倣
値,値
倥,倥
굴,倥
굯,倦
倦,倦
倧,倧
倨,倨
倩,倩
군,倩
倪,倪
倫,倫
倬,倬
倭,倭
倮,倮
倰,倰
굲,倰
倲,倲
倳,倳
倵,倵
倶,倶
굦,倶
倹,倹
倻,倻
倿,倿
偀,偀
굾,偀
偁,偁
偂,偂
궃,偂
偃,偃
偅,偅
偆,偆
假,假
偈,偈
굷,偈
偉,偉
궐,偉
偊,偊
偌,偌
偎,偎
굻,偏
偏,偏
偐,偐
궅,偐
偑,偑
偒,偒
偓,偓
偕,偕
偖,偖
굸,偖
偗,偗
偙,偙
做,做
停,停
偟,偟
偠,偠
궆,偠
偢,偢
偣,偣
健,健
굼,健
偦,偦
偧,偧
偪,偪
偬,偬
偭,偭
偰,偰
굿,偰
偱,偱
偲,偲
側,側
偵,偵
偶,偶
偷,偷
굽,偷
偸,偸
偻,偻
偽,偽
傀,傀
傁,傁
傃,傃
傄,傄
傅,傅
궉,傅
傆,傆
傈,傈
傊,傊
궑,傋
傋,傋
傌,傌
傍,傍
궊,傍
傎,傎
궎,傎
傏,傏
傐,傐
傑,傑
傒,傒
傓,傓
傔,傔
궏,傔
傕,傕
傖,傖
傘,傘
備,備
傚,傚
傛,傛
傜,傜
傞,傞
傟,傟
傠,傠
傡,傡
傢,傢
궈,傢
傣,傣
傥,傥
傪,傪
催,催
傭,傭
傯,傯
궗,傯
傰,傰
傱,傱
傲,傲
굺,𫝊
傳,傳
궕,傳
傴,傴
궓,傴
債,債
傷,傷
傹,傹
傺,傺
傻,傻
傽,傽
傾,傾
僀,僀
僂,僂
僃,僃
僄,僄
僅,僅
궒,僅
僇,僇
僉,僉
궔,僊
僊,僊
궢,僊
僌,僌
働,働
僎,僎
像,像
궝,像
僐,僐
僑,僑
僓,僓
僔,僔
僕,僕
僖,僖
僘,僘
僙,僙
僚,僚
僛,僛
궠,僛
僜,僜
僝,僝
僞,僞
궣,僞
僟,僟
僡,僡
僢,僢
僣,僣
僤,僤
僥,僥
僦,僦
僧,僧
궜,僧
僨,僨
僩,僩
僭,僭
궭,僭
僮,僮
궟,僯
僯,僯
僰,僰
僱,僱
궛,僲
僲,僲
궧,僲
僳,僳
僴,僴
僵,僵
僶,僶
價,價
僺,僺
僻,僻
僾,僾
셑,僿
儀,儀
儁,儁
儂,儂
儃,儃
億,億
궥,億
궦,儆
儆,儆
儇,儇
儈,儈
儉,儉
儋,儋
儌,儌
儍,儍
儎,儎
儐,儐
궰,儐
儒,儒
儔,儔
궬,儔
儕,儕
儖,儖
儗,儗
儘,儘
儙,儙
儚,儚
儛,儛
儜,儜
儝,儝
儞,儞
償,償
儡,儡
儣,儣
儥,儥
궱,儦
儧,儧
儨,儨
優,優
궳,優
儬,儬
궯,儬
儭,儭
儯,儯
儱,儱
儲,儲
궲,儲
儳,儳
儴,儴
儵,儵
儷,儷
儸,儸
儹,儹
儺,儺
궵,儺
儻,儻
궶,儻
儼,儼
儿,儿
兀,兀
允,允
兂,兂
元,元
兄,兄
充,充
兆,兆
궹,兆
兇,兇
先,先
光,光
兊,兊
궷,兊
궸,兊
克,克
兌,兌
궼,兌
免,免
궺,兎
兎,兎
兏,兏
児,児
兑,兑
兒,兒
궿,兒
兓,兓
궽,兔
兔,兔
귁,兔
兕,兕
兗,兗
兘,兘
党,党
兜,兜
兟,兟
兠,兠
兢,兢
兤,兤
귄,兤
入,入
兦,兦
內,內
귅,全
全,全
귇,兩
兩,兩
兪,兪
귆,兪
八,八
귈,八
公,公
귉,公
六,六
兮,兮
귊,兮
共,共
关,关
끎,兴
兵,兵
其,其
具,具
귓,具
귌,具
典,典
냅,兹
养,养
롹,养
귗,兼
兼,兼
귘,兼
兾,兾
冀,冀
冂,冂
冃,冃
冄,冄
内,内
円,円
롲,冈
균,冉
冉,冉
冊,冊
冋,冋
册,册
再,再
冎,冎
冏,冏
冐,冐
冑,冑
뙄,冒
冒,冒
冓,冓
귥,冓
冕,冕
귦,冕
귧,冕
귨,冕
冖,冖
冗,冗
귪,冗
冘,冘
写,写
冝,冝
귫,冝
冞,冞
冠,冠
冡,冡
冢,冢
귱,冢
귲,冢
冣,冣
귯,冤
冤,冤
귵,冤
冥,冥
冦,冦
귳,冦
冨,冨
冩,冩
冪,冪
冫,冫
그,冬
冬,冬
冭,冭
冮,冮
冰,冰
冱,冱
冲,冲
决,决
근,冴
섇,冴
冴,冴
귻,冴
况,况
冶,冶
冷,冷
冸,冸
冺,冺
冼,冼
冽,冽
冾,冾
冿,冿
凂,凂
凃,凃
凄,凄
凅,凅
准,准
凈,凈
凉,凉
凊,凊
긁,凊
긂,凋
凋,凋
凌,凌
凍,凍
减,减
凑,凑
凒,凒
凓,凓
凔,凔
凕,凕
凖,凖
凘,凘
凛,凛
凜,凜
凝,凝
凞,凞
凟,凟
几,几
凡,凡
凢,凢
괤,凢
凥,凥
処,処
凧,凧
凩,凩
凪,凪
凬,凬
凭,凭
凮,凮
凰,凰
凱,凱
凲,凲
凳,凳
凴,凴
凵,凵
凶,凶
凷,凷
凸,凸
凹,凹
出,出
函,函
凾,凾
꺆,凾
刀,刀
刁,刁
刂,刂
긐,刃
刃,刃
刄,刄
긑,刄
刅,刅
分,分
긒,分
切,切
꽇,切
기,切
刈,刈
刊,刊
刋,刋
刎,刎
刑,刑
划,划
刓,刓
긓,刓
刔,刔
刕,刕
刖,刖
列,列
刘,刘
뚗,𥘉
初,初
긖,删
删,删
刢,刢
判,判
긕,判
別,別
刦,刦
刧,刧
刨,刨
利,利
刪,刪
刮,刮
到,到
刱,刱
刲,刲
刳,刳
刵,刵
制,制
刷,刷
券,券
긘,券
刹,刹
刺,刺
刻,刻
긙,刻
刼,刼
剃,剃
剄,剄
剅,剅
則,則
剉,剉
긞,削
削,削
剋,剋
剌,剌
긛,前
前,前
剏,剏
긝,剏
剔,剔
剕,剕
剖,剖
剗,剗
剘,剘
剚,剚
剛,剛
剜,剜
剝,剝
剞,剞
剟,剟
剠,剠
剡,剡
剣,剣
剤,剤
剥,剥
剦,剦
剩,剩
剪,剪
긣,剪
剬,剬
剮,剮
副,副
剰,剰
剱,剱
긢,剱
긡,剱
割,割
긤,割
剳,剳
剴,剴
創,創
긥,創
剷,剷
剸,剸
剹,剹
剽,剽
剿,剿
긨,剿
劀,劀
劂,劂
劃,劃
긩,劃
劄,劄
劅,劅
劇,劇
劈,劈
劉,劉
劊,劊
劌,劌
劍,劍
劎,劎
劑,劑
긮,劑
劒,劒
긫,劒
劓,劓
劔,劔
긪,劔
劕,劕
劖,劖
劗,劗
劘,劘
긯,劘
劚,劚
力,力
劜,劜
功,功
加,加
劣,劣
劤,劤
劥,劥
劦,劦
劧,劧
助,助
努,努
劫,劫
劬,劬
劭,劭
劯,劯
劰,劰
励,励
労,労
劵,劵
긶,劵
劶,劶
劷,劷
劸,劸
効,効
劺,劺
劻,劻
劼,劼
劽,劽
劾,劾
긳,劾
勀,勀
勁,勁
勂,勂
勃,勃
勄,勄
勅,勅
勆,勆
긵,勆
긷,勇
勇,勇
勈,勈
勉,勉
勊,勊
勌,勌
긾,勌
긿,勌
勍,勍
勏,勏
勐,勐
勑,勑
勒,勒
긼,勒
勔,勔
動,動
勖,勖
긽,勖
勗,勗
勘,勘
務,務
勛,勛
勜,勜
깄,勝
勝,勝
勞,勞
募,募
勠,勠
깊,勠
勡,勡
勢,勢
勣,勣
勤,勤
勥,勥
勦,勦
깉,勦
勧,勧
勨,勨
까,勨
勩,勩
勪,勪
勬,勬
깋,勬
勭,勭
勰,勰
勱,勱
깏,勱
勲,勲
깑,勲
勳,勳
깐,勳
勴,勴
勵,勵
勶,勶
勷,勷
勸,勸
勹,勹
깒,勹
깓,勺
勺,勺
勻,勻
勾,勾
勿,勿
匀,匀
匁,匁
匂,匂
匃,匃
깔,包
包,包
깕,匆
匆,匆
匇,匇
꾶,匇
匈,匈
匊,匊
匋,匋
匌,匌
匍,匍
匏,匏
깖,匏
匐,匐
匑,匑
匓,匓
匕,匕
굀,化
化,化
北,北
匘,匘
匙,匙
匚,匚
匛,匛
匜,匜
匝,匝
匞,匞
匟,匟
匠,匠
匡,匡
匣,匣
匤,匤
匥,匥
匧,匧
匨,匨
匩,匩
匪,匪
匫,匫
匬,匬
匭,匭
匯,匯
匰,匰
匱,匱
匲,匲
匳,匳
匴,匴
匵,匵
깝,匵
匸,匸
匹,匹
区,区
医,医
匼,匼
깚,匼
깟,匼
匽,匽
匾,匾
깜,匾
匿,匿
區,區
十,十
卂,卂
千,千
셓,卄
卅,卅
卆,卆
升,升
午,午
卉,卉
깢,半
半,半
卋,卋
卌,卌
卍,卍
卑,卑
卒,卒
卓,卓
協,協
南,南
単,単
卙,卙
깳,博
博,博
깬,博
깮,博
卛,卛
卜,卜
卞,卞
占,占
卡,卡
卣,卣
卥,卥
卦,卦
卧,卧
셔,卨
卩,卩
卬,卬
卭,卭
卮,卮
卯,卯
印,印
깵,危
危,危
卲,卲
即,即
깻,卽
却,却
卵,卵
卷,卷
깶,卷
깷,卷
깸,卷
卸,卸
卹,卹
卺,卺
卻,卻
깺,卻
卽,卽
卾,卾
卿,卿
깾,卿
깽,卿
厂,厂
厃,厃
厄,厄
厇,厇
厈,厈
厎,厎
厓,厓
厔,厔
厖,厖
꺅,厖
厘,厘
厙,厙
厚,厚
厝,厝
原,原
厠,厠
厡,厡
厤,厤
厥,厥
厦,厦
厨,厨
厩,厩
꺋,厩
꺌,厩
꺏,厩
꺍,厩
꺎,厩
꺐,厩
厪,厪
厫,厫
厬,厬
厭,厭
厮,厮
厯,厯
厰,厰
꺒,厰
厲,厲
厳,厳
厴,厴
厵,厵
厶,厶
厷,厷
厸,厸
厺,厺
去,去
厽,厽
叀,叀
参,参
參,參
叅,叅
又,又
꺘,又
꺚,叉
叉,叉
꺛,及
及,及
友,友
双,双
反,反
収,収
叏,叏
叒,叒
叓,叓
叔,叔
叕,叕
取,取
受,受
叙,叙
叚,叚
꺞,叛
叛,叛
꺟,叛
꺠,叛
叝,叝
꺗,叝
叞,叞
叟,叟
꺡,叟
叠,叠
叡,叡
叢,叢
口,口
古,古
句,句
另,另
叧,叧
叨,叨
叩,叩
只,只
叫,叫
召,召
叭,叭
꺫,叭
叮,叮
可,可
台,台
叱,叱
꺩,叱
史,史
꺪,史
右,右
叴,叴
叵,叵
叶,叶
号,号
司,司
叺,叺
꺮,吀
吁,吁
吂,吂
吃,吃
各,各
合,合
吉,吉
吊,吊
吋,吋
同,同
名,名
后,后
吏,吏
꺭,吏
吐,吐
向,向
吒,吒
吓,吓
吚,吚
君,君
꺶,君
吝,吝
꺹,吝
꺱,吞
吟,吟
吠,吠
吡,吡
吤,吤
否,否
吧,吧
吨,吨
吩,吩
꺸,吩
吪,吪
含,含
听,听
吭,吭
吮,吮
启,启
吱,吱
吳,吳
吴,吴
吵,吵
吶,吶
吷,吷
꺲,吸
吸,吸
吹,吹
吻,吻
吼,吼
吽,吽
吾,吾
吿,吿
呀,呀
껀,呀
呂,呂
呃,呃
呄,呄
呆,呆
呇,呇
꺯,呈
呈,呈
꺰,呈
呉,呉
告,告
呌,呌
呍,呍
呎,呎
呏,呏
꺷,呐
呑,呑
呕,呕
呞,呞
呟,呟
呢,呢
呣,呣
呤,呤
呦,呦
呧,呧
꺺,周
周,周
呩,呩
呪,呪
呫,呫
呬,呬
呭,呭
呮,呮
呰,呰
呱,呱
味,味
呴,呴
呵,呵
呶,呶
呷,呷
呹,呹
呻,呻
呼,呼
命,命
呿,呿
咀,咀
咁,咁
咃,咃
咄,咄
咅,咅
꺻,咅
咆,咆
껁,咆
咈,咈
咉,咉
咊,咊
咋,咋
和,和
咍,咍
咎,咎
咏,咏
咐,咐
咑,咑
咒,咒
咕,咕
咖,咖
咜,咜
咟,咟
咠,咠
咡,咡
咢,咢
咣,咣
咤,咤
咥,咥
咦,咦
咧,咧
咨,咨
咩,咩
咪,咪
咫,咫
咬,咬
껄,咬
咭,咭
咮,咮
咯,咯
咱,咱
껅,咲
咲,咲
咳,咳
咷,咷
咸,咸
咹,咹
咺,咺
咻,咻
咼,咼
咽,咽
咾,咾
咿,咿
哀,哀
品,品
哂,哂
哃,哃
哄,哄
哆,哆
哇,哇
哈,哈
哉,哉
꺿,哉
哊,哊
响,响
哎,哎
哘,哘
哙,哙
哠,哠
껊,哠
員,員
哢,哢
哥,哥
哦,哦
껆,哨
哨,哨
哩,哩
哪,哪
哬,哬
哭,哭
哮,哮
哯,哯
哱,哱
哲,哲
껉,哲
哳,哳
哶,哶
哺,哺
哼,哼
哽,哽
껍,哽
哾,哾
哿,哿
唀,唀
唁,唁
唄,唄
唅,唅
唆,唆
唇,唇
唈,唈
唉,唉
唌,唌
껃,唌
唍,唍
唎,唎
唏,唏
껇,唐
唐,唐
唔,唔
唕,唕
唖,唖
唧,唧
唪,唪
唫,唫
售,售
唯,唯
唱,唱
唲,唲
唳,唳
껓,唳
껔,唳
唵,唵
唶,唶
唸,唸
唹,唹
께,唹
唻,唻
唼,唼
唽,唽
唾,唾
啀,啀
啁,啁
啄,啄
껖,啄
껈,啄
껕,啄
껗,啄
啅,啅
商,商
껒,商
啇,啇
啉,啉
啊,啊
啌,啌
껙,啌
啍,啍
啎,啎
問,問
啐,啐
啑,啑
껎,啓
啓,啓
啖,啖
啗,啗
啘,啘
啚,啚
啛,啛
啜,啜
啝,啝
껚,啝
啞,啞
啠,啠
啡,啡
啣,啣
啤,啤
啦,啦
뺳,啨
啨,啨
啵,啵
啻,啻
啼,啼
啽,啽
啾,啾
啿,啿
喀,喀
喁,喁
喂,喂
喃,喃
善,善
껨,善
껩,善
껪,善
껫,善
喆,喆
껬,喆
喇,喇
喈,喈
喉,喉
喊,喊
喋,喋
喎,喎
喏,喏
喑,喑
喒,喒
喓,喓
껮,喓
喔,喔
喗,喗
喘,喘
喙,喙
껦,喙
껥,喙
喚,喚
喜,喜
껭,喜
喝,喝
喞,喞
喟,喟
喣,喣
喤,喤
喧,喧
喨,喨
껯,喨
喩,喩
껣,喩
喪,喪
喫,喫
껤,喫
喬,喬
喭,喭
單,單
喰,喰
껡,喰
喲,喲
営,営
喻,喻
껢,喻
喿,喿
嗁,嗁
嗃,嗃
嗄,嗄
嗅,嗅
껰,嗅
嗆,嗆
嗇,嗇
嗉,嗉
嗋,嗋
嗌,嗌
嗎,嗎
嗑,嗑
嗒,嗒
嗓,嗓
嗔,嗔
嗗,嗗
嗘,嗘
嗚,嗚
嗛,嗛
嗜,嗜
嗝,嗝
嗞,嗞
嗟,嗟
嗢,嗢
嗣,嗣
껿,𠻸
嗤,嗤
껲,嗤
껳,嗤
嗩,嗩
嗱,嗱
嗶,嗶
嗷,嗷
껸,嗹
嗹,嗹
嗺,嗺
嗽,嗽
嗾,嗾
嗿,嗿
嘅,嘅
꼀,嘅
꼆,嘅
꼉,嘅
嘆,嘆
嘇,嘇
嘈,嘈
嘉,嘉
꼃,嘉
꾨,嘉
嘊,嘊
嘍,嘍
嘎,嘎
嘏,嘏
嘐,嘐
嘑,嘑
嘒,嘒
嘔,嘔
嘕,嘕
嘖,嘖
嘗,嘗
嘘,嘘
嘙,嘙
嘛,嘛
꼅,嘛
嘨,嘨
嘩,嘩
嘬,嘬
嘯,嘯
嘰,嘰
꼐,嘰
嘱,嘱
꼏,嘲
嘲,嘲
嘳,嘳
嘴,嘴
嘵,嘵
嘶,嘶
嘷,嘷
嘸,嘸
嘹,嘹
嘻,嘻
嘼,嘼
嘽,嘽
嘿,嘿
噀,噀
噁,噁
꼌,噂
噂,噂
꼋,噂
噃,噃
噄,噄
꼑,噄
噆,噆
噇,噇
噉,噉
噋,噋
噌,噌
꼊,噌
噍,噍
噎,噎
噏,噏
噐,噐
噓,噓
噔,噔
噛,噛
噞,噞
噟,噟
꼍,噠
噠,噠
噡,噡
噢,噢
噣,噣
噤,噤
噦,噦
器,器
噩,噩
噪,噪
噫,噫
噬,噬
噭,噭
噯,噯
噱,噱
꼘,噱
噲,噲
噴,噴
꼔,噴
噵,噵
噶,噶
噸,噸
꼛,噸
噺,噺
噽,噽
嚀,嚀
꼣,嚀
꼟,嚃
嚃,嚃
嚄,嚄
꼠,嚄
嚅,嚅
嚆,嚆
嚇,嚇
嚈,嚈
嚊,嚊
꼤,嚊
嚋,嚋
嚌,嚌
嚏,嚏
嚔,嚔
꼧,嚔
꼪,嚔
嚕,嚕
嚙,嚙
嚚,嚚
嚝,嚝
꼡,嚝
嚞,嚞
嚟,嚟
嚠,嚠
꼢,嚠
嚢,嚢
嚥,嚥
꼩,嚥
嚦,嚦
嚧,嚧
嚨,嚨
嚩,嚩
嚫,嚫
嚬,嚬
嚭,嚭
嚮,嚮
꼥,嚮
꼬,嚮
嚱,嚱
嚲,嚲
嚳,嚳
嚴,嚴
嚶,嚶
嚷,嚷
嚼,嚼
꼜,嚼
嚾,嚾
꼮,囀
囀,囀
囁,囁
꼰,囁
꼱,囁
囂,囂
囃,囃
囅,囅
囈,囈
囉,囉
囊,囊
囋,囋
囌,囌
囍,囍
囎,囎
꼯,囎
꼳,囎
囏,囏
囐,囐
囑,囑
囓,囓
꼴,囓
囗,囗
囘,囘
囙,囙
囚,囚
四,四
샣,四
囜,囜
囝,囝
回,回
囟,囟
因,因
囡,囡
団,団
囤,囤
囥,囥
囦,囦
囧,囧
囨,囨
囫,囫
囬,囬
园,园
囮,囮
囯,囯
困,困
囱,囱
囲,囲
図,図
囶,囶
꼸,囶
囷,囷
囹,囹
固,固
国,国
囿,囿
圀,圀
圁,圁
圂,圂
꼹,圂
圃,圃
圄,圄
圇,圇
圈,圈
꼼,圈
圉,圉
圊,圊
꼺,圊
國,國
圌,圌
圍,圍
꼾,圍
꽀,圍
꽂,圍
圎,圎
圏,圏
圑,圑
꽁,圑
園,園
圓,圓
圕,圕
圖,圖
꽄,圖
團,團
圚,圚
圛,圛
꽅,圛
圜,圜
圝,圝
土,土
圠,圠
圡,圡
圢,圢
圣,圣
圤,圤
圥,圥
圦,圦
圧,圧
在,在
圩,圩
圪,圪
圬,圬
圭,圭
圮,圮
꽈,𡉏
圯,圯
地,地
圲,圲
圳,圳
圴,圴
꽉,圴
圶,圶
圷,圷
圸,圸
圻,圻
圽,圽
圾,圾
圿,圿
址,址
坂,坂
坅,坅
坆,坆
均,均
꽋,均
坊,坊
坌,坌
坍,坍
坎,坎
坏,坏
坐,坐
坑,坑
坒,坒
坙,坙
坚,坚
坡,坡
坢,坢
坤,坤
坥,坥
坦,坦
坧,坧
坨,坨
坩,坩
꽒,坪
坪,坪
坫,坫
坭,坭
坮,坮
坯,坯
坰,坰
坱,坱
坳,坳
坴,坴
坵,坵
坶,坶
坷,坷
坹,坹
坺,坺
坻,坻
坼,坼
坽,坽
坾,坾
坿,坿
垁,垁
垂,垂
垃,垃
垈,垈
垉,垉
꽑,垉
型,型
垌,垌
垓,垓
垔,垔
垕,垕
垗,垗
垙,垙
垚,垚
垜,垜
垝,垝
꽖,垝
垞,垞
垟,垟
垠,垠
垡,垡
垢,垢
垣,垣
垤,垤
垧,垧
垨,垨
垩,垩
垪,垪
垬,垬
垰,垰
垳,垳
垸,垸
垽,垽
埀,埀
埃,埃
埄,埄
埆,埆
埇,埇
埈,埈
埋,埋
埌,埌
城,城
꽘,城
埏,埏
埒,埒
꽠,埒
꽝,埓
埓,埓
埔,埔
埕,埕
꽙,埕
埖,埖
埗,埗
埜,埜
埝,埝
埞,埞
域,域
埠,埠
埡,埡
埣,埣
埤,埤
埦,埦
埧,埧
埩,埩
埭,埭
埰,埰
埴,埴
埵,埵
埶,埶
꽥,埶
執,執
埸,埸
꽢,埸
培,培
基,基
埻,埻
埼,埼
埽,埽
埾,埾
埿,埿
堀,堀
堂,堂
堃,堃
堄,堄
堅,堅
堆,堆
堈,堈
堉,堉
堊,堊
꽤,堋
堋,堋
堌,堌
堍,堍
堕,堕
꽰,堘
堙,堙
꽬,堙
堛,堛
堝,堝
堞,堞
堟,堟
꽫,堟
堠,堠
堡,堡
堤,堤
堥,堥
堦,堦
堧,堧
堪,堪
堭,堭
堯,堯
堰,堰
報,報
堲,堲
꽲,堲
場,場
꽨,場
堵,堵
꽧,堵
堷,堷
堹,堹
堺,堺
堽,堽
꽹,堽
堿,堿
塀,塀
塁,塁
塉,塉
塊,塊
塋,塋
塌,塌
塍,塍
塏,塏
塐,塐
塑,塑
塒,塒
塔,塔
塕,塕
塗,塗
꽵,塘
塘,塘
塙,塙
꽾,塙
꽿,塙
塚,塚
꽩,塚
塜,塜
塞,塞
塟,塟
塡,塡
塢,塢
塣,塣
塤,塤
塧,塧
塨,塨
塩,塩
填,填
塰,塰
꽱,塰
塲,塲
塵,塵
塸,塸
塹,塹
塼,塼
塾,塾
塿,塿
墀,墀
墁,墁
꽼,墁
境,境
꽽,境
墅,墅
꾀,墆
墇,墇
墈,墈
墉,墉
墊,墊
墋,墋
墌,墌
墍,墍
꽻,墍
墏,墏
墐,墐
墓,墓
墔,墔
墖,墖
増,増
꾇,墜
墜,墜
꾈,墜
墝,墝
增,增
꾊,增
墟,墟
꾁,墟
墠,墠
墡,墡
墢,墢
꾌,墣
墦,墦
墨,墨
墩,墩
墪,墪
墫,墫
꾍,墫
꾏,墫
墮,墮
墱,墱
墲,墲
墳,墳
墸,墸
꾂,墸
墹,墹
墺,墺
꾎,墺
墻,墻
墼,墼
墾,墾
壁,壁
壂,壂
壃,壃
壄,壄
壅,壅
壇,壇
꾒,壇
壈,壈
壊,壊
壌,壌
壍,壍
壎,壎
꾔,壎
壐,壐
꾚,壐
壑,壑
壒,壒
壓,壓
꾝,壓
壔,壔
壕,壕
꾘,壕
壖,壖
壗,壗
壘,壘
壙,壙
꾜,壙
壚,壚
壜,壜
꾞,壝
壝,壝
壞,壞
壟,壟
壠,壠
壡,壡
꺦,壡
壢,壢
壤,壤
壥,壥
꾢,壥
壩,壩
士,士
壬,壬
壮,壮
壯,壯
声,声
壱,壱
売,売
긌,壳
壳,壳
壴,壴
壷,壷
壹,壹
壺,壺
壻,壻
壼,壼
壽,壽
夂,夂
꾬,夅
夅,夅
夆,夆
夈,夈
変,変
夊,夊
꾱,夊
夋,夋
夌,夌
复,复
夏,夏
夐,夐
夒,夒
夓,夓
夔,夔
夕,夕
外,外
깴,外
夗,夗
夘,夘
夙,夙
多,多
夛,夛
꾷,夛
夜,夜
夝,夝
夡,夡
夢,夢
夣,夣
夤,夤
夥,夥
大,大
夨,夨
天,天
太,太
夫,夫
夬,夬
夭,夭
央,央
夯,夯
夰,夰
失,失
夲,夲
夳,夳
夵,夵
夶,夶
夷,夷
夸,夸
夹,夹
夽,夽
夾,夾
夿,夿
奃,奃
奄,奄
奆,奆
꿂,奆
奇,奇
奈,奈
奉,奉
奌,奌
奎,奎
奏,奏
奐,奐
契,契
꿄,契
奒,奒
꿅,奓
奓,奓
奔,奔
奕,奕
套,套
奘,奘
꿆,奘
奙,奙
奚,奚
奛,奛
奝,奝
奞,奞
奟,奟
꿊,奟
奠,奠
꿏,奠
꿐,奠
奡,奡
奢,奢
꿌,奢
奣,奣
꿍,奣
奥,奥
꿒,奥
奧,奧
奨,奨
奩,奩
꿗,奩
奪,奪
奫,奫
奬,奬
奭,奭
奮,奮
奯,奯
奰,奰
奲,奲
꿚,奲
女,女
奴,奴
奵,奵
奶,奶
奸,奸
她,她
奻,奻
奼,奼
好,好
꿝,妁
妁,妁
如,如
妃,妃
꿜,妃
꿞,妄
妄,妄
妆,妆
妊,妊
妋,妋
妌,妌
妍,妍
妎,妎
妒,妒
妓,妓
妕,妕
妖,妖
妗,妗
妙,妙
끣,妛
妛,妛
妝,妝
妟,妟
妠,妠
妣,妣
妤,妤
꿟,妥
妥,妥
妧,妧
妨,妨
妬,妬
妭,妭
妮,妮
妯,妯
妰,妰
妲,妲
妳,妳
妷,妷
妸,妸
妹,妹
妺,妺
妻,妻
妼,妼
妾,妾
姁,姁
姃,姃
姄,姄
姆,姆
姈,姈
姉,姉
姊,姊
始,始
姍,姍
꿢,姍
姐,姐
姑,姑
姒,姒
姓,姓
委,委
姙,姙
姚,姚
꿦,姚
姜,姜
姝,姝
姞,姞
姟,姟
姣,姣
꿥,姣
姤,姤
姥,姥
姦,姦
姧,姧
姨,姨
姪,姪
姫,姫
姬,姬
꿩,姬
姮,姮
姯,姯
姱,姱
姲,姲
姴,姴
姶,姶
姷,姷
姸,姸
姺,姺
姻,姻
姽,姽
꿤,姿
姿,姿
娀,娀
威,威
뇍,威
娃,娃
娄,娄
娉,娉
娌,娌
娍,娍
娎,娎
娑,娑
娒,娒
娓,娓
娗,娗
娘,娘
娚,娚
娛,娛
娜,娜
꿨,娜
娞,娞
娟,娟
娠,娠
娣,娣
娤,娤
娥,娥
娧,娧
娨,娨
꿧,娩
娩,娩
娪,娪
娭,娭
娯,娯
娰,娰
娵,娵
娶,娶
꿯,娶
娼,娼
婀,婀
婁,婁
婄,婄
婅,婅
婆,婆
婇,婇
婈,婈
婉,婉
婌,婌
꿬,婌
婐,婐
婔,婔
婕,婕
婚,婚
婞,婞
婢,婢
婣,婣
婥,婥
꿭,婦
婦,婦
婧,婧
꿫,婧
婪,婪
婬,婬
꿮,婬
婭,婭
婷,婷
婺,婺
婻,婻
婾,婾
꿰,婾
婿,婿
媄,媄
媋,媋
媐,媐
媒,媒
媓,媓
媖,媖
媙,媙
媚,媚
꿱,媛
媛,媛
媜,媜
媞,媞
媟,媟
媠,媠
媡,媡
媢,媢
꿲,媢
셚,媤
媧,媧
媪,媪
媬,媬
媱,媱
媲,媲
媳,媳
媵,媵
꿺,媵
媸,媸
媺,媺
꿷,媺
꿸,媺
媻,媻
媼,媼
媽,媽
꿶,媾
媾,媾
媿,媿
嫁,嫁
꿴,嫁
嫂,嫂
꿪,嫂
嫄,嫄
嫆,嫆
嫈,嫈
嫉,嫉
嫋,嫋
꿽,嫋
꿵,嫌
嫌,嫌
嫏,嫏
嫐,嫐
嫖,嫖
嫗,嫗
꿾,嫚
嫚,嫚
嫜,嫜
嫠,嫠
嫡,嫡
꿿,嫡
嫣,嫣
嫥,嫥
嫦,嫦
嫩,嫩
嫪,嫪
嫭,嫭
嫮,嫮
嫰,嫰
嫵,嫵
嫶,嫶
嫺,嫺
嫻,嫻
嫽,嫽
嬀,嬀
嬁,嬁
嬅,嬅
嬈,嬈
嬉,嬉
嬋,嬋
嬌,嬌
嬖,嬖
嬗,嬗
嬙,嬙
嬛,嬛
嬝,嬝
嬡,嬡
嬢,嬢
嬥,嬥
嬪,嬪
뀇,嬪
嬬,嬬
嬭,嬭
嬰,嬰
嬲,嬲
嬴,嬴
뀃,嬴
嬶,嬶
뀅,嬶
嬸,嬸
嬾,嬾
뀈,嬾
孀,孀
孁,孁
孃,孃
孅,孅
孋,孋
孌,孌
子,子
孑,孑
孒,孒
孔,孔
孕,孕
孖,孖
字,字
存,存
孚,孚
孛,孛
孜,孜
孝,孝
孞,孞
孟,孟
季,季
孤,孤
孥,孥
学,学
孨,孨
孩,孩
孫,孫
孮,孮
孯,孯
孰,孰
孱,孱
孳,孳
뀑,孳
孵,孵
뀔,孵
孶,孶
學,學
孺,孺
孼,孼
孽,孽
孾,孾
孿,孿
宀,宀
宁,宁
它,它
宄,宄
宅,宅
宆,宆
宇,宇
守,守
安,安
宊,宊
宋,宋
完,完
宍,宍
宎,宎
宏,宏
宐,宐
宑,宑
宓,宓
宔,宔
宕,宕
宖,宖
宗,宗
官,官
宙,宙
定,定
宛,宛
宜,宜
宝,宝
実,実
客,客
宣,宣
室,室
宥,宥
宦,宦
宨,宨
宩,宩
宫,宫
宬,宬
宭,宭
宮,宮
宯,宯
宰,宰
宱,宱
宲,宲
뀜,宲
害,害
뀝,害
宴,宴
뀛,宵
宵,宵
家,家
뀞,家
宷,宷
宸,宸
容,容
宺,宺
宼,宼
宿,宿
寀,寀
뀧,寀
寁,寁
寂,寂
寃,寃
뀤,寃
뀭,寃
寄,寄
寅,寅
密,密
寇,寇
뀨,寇
뀣,寈
寈,寈
寉,寉
富,富
寍,寍
寎,寎
寏,寏
寐,寐
뀩,寐
寒,寒
뀬,寒
寓,寓
寔,寔
寖,寖
寗,寗
뀮,寗
뀵,寗
삷,寗
寘,寘
寙,寙
寚,寚
寛,寛
뀲,寛
寜,寜
寝,寝
寞,寞
察,察
寠,寠
寡,寡
寢,寢
뀶,寢
寤,寤
뀯,寤
寥,寥
뀷,寥
實,實
뀱,寧
寧,寧
寨,寨
審,審
寫,寫
寬,寬
뀸,寬
뀳,寬
寮,寮
寯,寯
寰,寰
寱,寱
寳,寳
寴,寴
寵,寵
뀽,寵
寶,寶
寸,寸
寺,寺
寽,寽
対,対
寿,寿
封,封
専,専
尃,尃
射,射
밊,射
尅,尅
땰,将
将,将
뀿,将
將,將
專,專
끁,專
尉,尉
끅,尊
尊,尊
끆,尊
끄,尋
尋,尋
尌,尌
對,對
導,導
끊,導
小,小
少,少
尒,尒
끍,𡭗
尓,尓
尔,尔
尖,尖
尗,尗
尙,尙
삸,尙
尚,尚
尞,尞
尟,尟
尠,尠
尢,尢
尣,尣
끒,尣
尤,尤
尦,尦
끑,尨
尨,尨
끐,尨
尩,尩
尫,尫
尬,尬
尭,尭
깧,尭
尮,尮
尰,尰
就,就
尲,尲
尵,尵
尶,尶
尸,尸
尹,尹
끓,尹
尺,尺
尻,尻
尼,尼
尽,尽
尾,尾
尿,尿
局,局
屁,屁
居,居
屆,屆
屈,屈
届,届
屋,屋
屍,屍
屎,屎
屏,屏
끖,屏
屐,屐
끘,屑
屑,屑
屓,屓
展,展
끙,展
屙,屙
屚,屚
屛,屛
屜,屜
属,属
屟,屟
屠,屠
끚,屠
屡,屡
屢,屢
屣,屣
層,層
履,履
屧,屧
屨,屨
屩,屩
屬,屬
屭,屭
屮,屮
屯,屯
屰,屰
山,山
屳,屳
屴,屴
屵,屵
屶,屶
屹,屹
屺,屺
屻,屻
屼,屼
屽,屽
끟,岀
岇,岇
끢,岈
岈,岈
岊,岊
岌,岌
끤,岌
끬,岍
岎,岎
岏,岏
岐,岐
岑,岑
岒,岒
岔,岔
끥,岔
岝,岝
岟,岟
岠,岠
岡,岡
岢,岢
岣,岣
岦,岦
岧,岧
岨,岨
岩,岩
岪,岪
岫,岫
岬,岬
岭,岭
岱,岱
岲,岲
岳,岳
岴,岴
岵,岵
岶,岶
岷,岷
岸,岸
岹,岹
岺,岺
岻,岻
岼,岼
끦,岼
岾,岾
峀,峀
峅,峅
峆,峆
峇,峇
峉,峉
峋,峋
峌,峌
峐,峐
峒,峒
峗,峗
峙,峙
峝,峝
峟,峟
峠,峠
峡,峡
峦,峦
峨,峨
峩,峩
峪,峪
峬,峬
峭,峭
끰,峭
峮,峮
峯,峯
峰,峰
峱,峱
峲,峲
峴,峴
峵,峵
島,島
峺,峺
끯,峺
峻,峻
峽,峽
峿,峿
崁,崁
崆,崆
崇,崇
崋,崋
끵,崋
崍,崍
崎,崎
崐,崐
崑,崑
崒,崒
崔,崔
崕,崕
崖,崖
崗,崗
崘,崘
崙,崙
崚,崚
崛,崛
崝,崝
끱,崝
崟,崟
崠,崠
崢,崢
끶,崢
崣,崣
崤,崤
崦,崦
崧,崧
끴,崧
끲,崩
崩,崩
崫,崫
崱,崱
崴,崴
崹,崹
崽,崽
崿,崿
嵂,嵂
嵃,嵃
嵆,嵆
嵇,嵇
嵈,嵈
嵊,嵊
嵋,嵋
嵌,嵌
嵎,嵎
嵐,嵐
嵑,嵑
嵒,嵒
嵓,嵓
嵕,嵕
嵙,嵙
嵜,嵜
嵟,嵟
嵠,嵠
嵡,嵡
嵢,嵢
嵤,嵤
嵥,嵥
嵩,嵩
끿,嵩
嵪,嵪
嵬,嵬
嵭,嵭
嵯,嵯
嵰,嵰
嵱,嵱
嵳,嵳
嵶,嵶
끾,嵶
嵷,嵷
嵹,嵹
嵺,嵺
嵾,嵾
嵿,嵿
嶁,嶁
嶂,嶂
嶃,嶃
嶄,嶄
嶇,嶇
嶈,嶈
嶊,嶊
嶋,嶋
嶌,嶌
嶐,嶐
낀,嶐
嶒,嶒
낁,嶒
嶓,嶓
嶔,嶔
嶕,嶕
嶗,嶗
嶙,嶙
嶚,嶚
嶛,嶛
嶝,嶝
嶟,嶟
嶠,嶠
嶢,嶢
嶤,嶤
嶧,嶧
嶪,嶪
嶫,嶫
嶬,嶬
嶮,嶮
嶰,嶰
嶲,嶲
뺏,嶲
嶴,嶴
嶷,嶷
嶸,嶸
嶹,嶹
嶺,嶺
嶼,嶼
嶽,嶽
巁,巁
巃,巃
낊,巃
巇,巇
巉,巉
낏,巉
巋,巋
巌,巌
낍,巍
낎,巍
巎,巎
巐,巐
巑,巑
巒,巒
巓,巓
낒,巓
낓,巓
巖,巖
巗,巗
巘,巘
巙,巙
巛,巛
川,川
州,州
巠,巠
巡,巡
밺,巡
巢,巢
巣,巣
巤,巤
工,工
左,左
巧,巧
巨,巨
巩,巩
巫,巫
差,差
己,己
已,已
巳,巳
巴,巴
巵,巵
낗,巷
巷,巷
巸,巸
낚,巸
낛,𭘍
난,巸
巹,巹
巻,巻
나,巻
낝,巽
巽,巽
삹,巽
巾,巾
帀,帀
市,市
布,布
帆,帆
帇,帇
帋,帋
希,希
帍,帍
帑,帑
帒,帒
帓,帓
낤,帓
帔,帔
帕,帕
帖,帖
帘,帘
帙,帙
帚,帚
낥,帚
帛,帛
帝,帝
남,帝
帞,帞
帟,帟
帠,帠
帡,帡
帣,帣
帤,帤
帥,帥
帨,帨
났,帨
師,師
席,席
帮,帮
낭,帮
帯,帯
帰,帰
납,帰
낪,帰
帲,帲
帳,帳
帵,帵
帶,帶
帷,帷
常,常
낱,帽
帽,帽
帾,帾
낰,帾
셞,帿
幀,幀
幃,幃
낲,幃
낳,幃
幄,幄
幅,幅
幇,幇
幉,幉
幋,幋
幌,幌
幎,幎
幐,幐
幑,幑
낷,幔
幔,幔
幕,幕
幖,幖
幗,幗
幘,幘
幙,幙
幛,幛
幜,幜
幞,幞
幟,幟
幡,幡
幢,幢
낸,幣
幣,幣
幤,幤
낹,幤
幨,幨
幪,幪
낻,幪
幫,幫
幬,幬
幭,幭
낽,幭
幮,幮
낾,幯
幯,幯
幰,幰
干,干
낿,平
平,平
年,年
냁,年
幵,幵
냂,幵
냃,幵
并,并
幷,幷
幸,幸
꽔,𭎎
幹,幹
幺,幺
幻,幻
幼,幼
幽,幽
幾,幾
广,广
庀,庀
庁,庁
広,広
庄,庄
庇,庇
床,床
庋,庋
庎,庎
序,序
庒,庒
底,底
냉,庖
庖,庖
店,店
庙,庙
庚,庚
府,府
庠,庠
庢,庢
庤,庤
庥,庥
度,度
座,座
庨,庨
庪,庪
庫,庫
庬,庬
꺉,庬
냌,庬
냍,庭
庭,庭
庱,庱
庳,庳
庵,庵
庶,庶
냊,康
康,康
庸,庸
庹,庹
냓,庻
庽,庽
庾,庾
庿,庿
廁,廁
廂,廂
廃,廃
廄,廄
廆,廆
廈,廈
냙,廉
廉,廉
廊,廊
냕,廋
廋,廋
廌,廌
廎,廎
廏,廏
냠,廏
廐,廐
냞,廐
냝,廐
냟,廐
냭,廐
냮,廐
廑,廑
廒,廒
廓,廓
廔,廔
廕,廕
廖,廖
냨,廖
廙,廙
廚,廚
廛,廛
廜,廜
廝,廝
廞,廞
냪,廟
廟,廟
냩,廠
廠,廠
廡,廡
廢,廢
냢,廣
냡,廣
廣,廣
삺,廣
廥,廥
廨,廨
廩,廩
廫,廫
廬,廬
廮,廮
廰,廰
廱,廱
廳,廳
廴,廴
냵,廴
냷,延
延,延
냶,延
廷,廷
냸,廷
廸,廸
냹,廸
廹,廹
냺,廹
냼,建
建,建
냻,廻
廻,廻
廼,廼
냽,廼
냾,廼
廽,廽
냿,廽
廾,廾
廿,廿
开,开
弁,弁
异,异
弃,弃
弄,弄
弆,弆
弇,弇
弈,弈
弉,弉
넀,弉
넁,弊
弊,弊
弋,弋
弌,弌
弍,弍
넃,弍
弎,弎
괐,弎
式,式
弐,弐
弑,弑
弓,弓
弔,弔
引,引
弖,弖
弗,弗
弘,弘
弙,弙
弛,弛
弜,弜
弝,弝
弞,弞
弟,弟
弡,弡
넇,弡
弢,弢
弣,弣
弤,弤
弥,弥
弦,弦
弧,弧
弨,弨
弩,弩
넉,弩
弫,弫
弬,弬
弭,弭
넋,弭
弮,弮
弯,弯
弰,弰
넎,弱
弱,弱
弴,弴
張,張
弶,弶
強,強
넒,弸
弸,弸
强,强
弻,弻
弼,弼
弽,弽
弾,弾
弿,弿
彀,彀
彁,彁
彄,彄
彅,彅
넚,彅
彇,彇
彈,彈
彊,彊
彌,彌
넝,彌
넞,彌
彍,彍
彎,彎
彐,彐
넠,彐
彑,彑
当,当
彔,彔
录,录
彖,彖
넢,彖
彗,彗
넣,彗
彘,彘
彙,彙
彚,彚
彛,彛
彜,彜
넂,彜
彝,彝
彞,彞
彠,彠
彡,彡
形,形
彣,彣
彤,彤
彥,彥
彦,彦
彧,彧
넥,彩
彩,彩
彪,彪
넧,彪
넦,彫
彫,彫
彬,彬
彭,彭
彮,彮
彯,彯
彰,彰
넪,彰
影,影
彲,彲
彳,彳
彴,彴
넭,彴
彵,彵
彷,彷
彸,彸
役,役
彺,彺
彼,彼
彽,彽
彾,彾
彿,彿
往,往
넯,往
征,征
徂,徂
徃,徃
径,径
待,待
徇,徇
很,很
徉,徉
徊,徊
律,律
後,後
徍,徍
徏,徏
넶,徏
徐,徐
徑,徑
徒,徒
従,従
徖,徖
得,得
徘,徘
넵,徘
徙,徙
徜,徜
徝,徝
從,從
徠,徠
넴,御
御,御
徢,徢
徤,徤
넻,徤
徥,徥
徧,徧
徨,徨
復,復
循,循
넹,徫
徫,徫
徬,徬
徭,徭
微,微
넼,微
徯,徯
徰,徰
徱,徱
徳,徳
徴,徴
넽,徵
徵,徵
德,德
넿,德
徸,徸
徹,徹
徼,徼
徽,徽
녂,徽
心,心
忄,忄
必,必
忇,忇
忈,忈
忉,忉
忋,忋
忌,忌
녉,忍
忍,忍
忎,忎
忐,忐
忑,忑
忒,忒
忓,忓
忔,忔
忕,忕
忖,忖
志,志
忘,忘
忙,忙
応,応
忝,忝
忞,忞
녒,忞
녍,忟
忟,忟
忠,忠
忡,忡
忢,忢
忤,忤
忨,忨
忩,忩
忪,忪
快,快
忬,忬
忭,忭
忮,忮
忯,忯
忰,忰
녊,忰
忱,忱
忲,忲
忳,忳
忴,忴
念,念
忶,忶
忸,忸
忺,忺
忻,忻
忼,忼
忽,忽
忿,忿
녏,忿
怇,怇
怊,怊
怍,怍
怎,怎
怏,怏
怐,怐
怒,怒
怓,怓
怔,怔
怕,怕
怖,怖
怗,怗
怘,怘
怙,怙
怚,怚
怛,怛
怜,怜
思,思
怟,怟
怠,怠
怡,怡
怢,怢
怤,怤
녘,急
急,急
怦,怦
녌,怦
性,性
怨,怨
怩,怩
怪,怪
怫,怫
怬,怬
怭,怭
怯,怯
怱,怱
怳,怳
怵,怵
怺,怺
恀,恀
恁,恁
恂,恂
恃,恃
恆,恆
恇,恇
恈,恈
恉,恉
恊,恊
恋,恋
恌,恌
恍,恍
恐,恐
恑,恑
恒,恒
恔,恔
녟,恔
恕,恕
恖,恖
恗,恗
恙,恙
恚,恚
恝,恝
녢,恝
恟,恟
恠,恠
恡,恡
녝,恢
恢,恢
녞,恢
恣,恣
恤,恤
恥,恥
뢵,恥
恧,恧
恨,恨
恩,恩
恪,恪
恫,恫
恬,恬
恭,恭
息,息
恰,恰
恱,恱
녛,恱
恵,恵
恷,恷
恾,恾
恿,恿
悁,悁
悂,悂
悃,悃
悄,悄
녨,悄
悅,悅
悆,悆
悈,悈
悉,悉
悊,悊
悋,悋
녠,悋
悌,悌
悍,悍
悎,悎
悏,悏
悑,悑
悒,悒
悓,悓
悔,悔
悕,悕
悖,悖
悗,悗
녦,悗
녳,悗
悘,悘
悚,悚
悛,悛
悝,悝
悞,悞
悟,悟
悠,悠
悢,悢
患,患
悤,悤
녯,悤
悥,悥
悦,悦
悧,悧
您,您
悩,悩
悪,悪
悰,悰
悱,悱
悲,悲
놂,悲
悳,悳
悴,悴
悵,悵
悶,悶
悷,悷
悸,悸
悻,悻
悼,悼
悽,悽
悾,悾
녵,悾
惂,惂
惄,惄
녲,情
情,情
惆,惆
녽,惆
惇,惇
惈,惈
惉,惉
惊,惊
惋,惋
惎,惎
惏,惏
惑,惑
惓,惓
논,惓
惔,惔
惕,惕
惘,惘
녹,惘
녷,惘
惙,惙
惚,惚
惛,惛
惜,惜
惝,惝
녶,惝
惞,惞
惟,惟
惠,惠
녿,惠
惡,惡
惢,惢
惣,惣
惥,惥
惧,惧
녧,惧
惨,惨
惮,惮
惰,惰
惱,惱
惲,惲
想,想
惴,惴
惵,惵
惶,惶
惷,惷
惸,惸
惹,惹
惺,惺
惻,惻
惼,惼
惽,惽
惿,惿
愀,愀
愁,愁
愂,愂
愃,愃
愆,愆
愇,愇
놏,愈
愈,愈
놐,愈
놅,愉
愉,愉
愊,愊
愌,愌
愍,愍
愎,愎
意,意
놑,意
愐,愐
愑,愑
놆,愑
愒,愒
녺,愒
愓,愓
愔,愔
愕,愕
愖,愖
愗,愗
愘,愘
愙,愙
愚,愚
愛,愛
愜,愜
愞,愞
感,感
愠,愠
愡,愡
愢,愢
愥,愥
愧,愧
愨,愨
愩,愩
愪,愪
愫,愫
愬,愬
愰,愰
愱,愱
愴,愴
愵,愵
愶,愶
愷,愷
愸,愸
愹,愹
愺,愺
愼,愼
놗,愼
愽,愽
놇,愽
놎,愽
愾,愾
愿,愿
慁,慁
慂,慂
慄,慄
慅,慅
慆,慆
慇,慇
慈,慈
慉,慉
慊,慊
농,慊
態,態
慌,慌
慍,慍
慎,慎
놋,慎
慓,慓
慕,慕
慘,慘
慙,慙
慚,慚
놝,慜
慝,慝
慞,慞
慟,慟
慠,慠
慢,慢
慣,慣
慤,慤
놖,慥
慥,慥
놘,慥
놨,慧
慧,慧
慨,慨
놡,慨
놠,慨
놌,慨
놢,慨
慫,慫
慬,慬
慮,慮
慯,慯
慰,慰
慱,慱
慲,慲
慳,慳
慴,慴
놛,慴
慵,慵
慶,慶
慷,慷
慸,慸
慺,慺
慻,慻
慼,慼
셠,慽
慾,慾
慿,慿
놪,慿
憀,憀
憁,憁
憂,憂
憃,憃
憄,憄
憇,憇
憊,憊
놴,憊
憋,憋
憍,憍
憎,憎
憐,憐
놦,憐
憑,憑
憒,憒
憓,憓
놙,憓
憔,憔
憕,憕
憖,憖
憗,憗
憘,憘
憙,憙
憚,憚
憜,憜
憝,憝
憟,憟
憠,憠
憤,憤
놥,憤
憥,憥
憧,憧
憨,憨
憩,憩
憪,憪
憫,憫
憬,憬
憭,憭
憮,憮
憯,憯
憲,憲
놯,憲
놰,憲
憶,憶
놵,憶
憸,憸
憹,憹
憺,憺
憻,憻
憼,憼
놼,憼
憾,憾
懀,懀
懁,懁
懂,懂
懃,懃
懆,懆
懇,懇
懈,懈
應,應
懊,懊
놧,懊
懋,懋
懌,懌
놹,懌
懍,懍
懎,懎
懏,懏
懐,懐
懓,懓
懕,懕
놾,懕
懚,懚
懜,懜
懝,懝
懞,懞
놶,懞
懟,懟
懡,懡
懢,懢
懣,懣
懥,懥
懦,懦
懧,懧
懩,懩
놽,懩
懬,懬
냲,懬
懭,懭
懯,懯
懰,懰
懲,懲
놿,懲
懴,懴
懵,懵
뇁,懵
뇀,懶
懶,懶
懷,懷
懸,懸
懹,懹
懺,懺
懻,懻
懼,懼
懽,懽
懾,懾
뇄,懾
懿,懿
뇅,懿
戀,戀
戁,戁
戃,戃
戄,戄
戇,戇
뇆,戇
戈,戈
戉,戉
戊,戊
戌,戌
戍,戍
戎,戎
뇉,戎
成,成
뇊,成
我,我
戒,戒
戓,戓
戔,戔
戕,戕
或,或
戚,戚
戛,戛
戜,戜
戝,戝
戞,戞
戟,戟
戠,戠
戡,戡
戢,戢
戣,戣
戦,戦
戧,戧
戩,戩
截,截
戫,戫
戬,戬
戮,戮
뇐,戮
戯,戯
戰,戰
셡,戱
戲,戲
戳,戳
뇑,戳
戴,戴
戶,戶
戸,戸
戹,戹
戻,戻
戽,戽
戾,戾
뇓,房
房,房
뇔,房
뇒,所
所,所
뇕,扁
扁,扁
扂,扂
扃,扃
扄,扄
扆,扆
뇖,扇
扇,扇
붉,扈
扈,扈
扉,扉
뇗,扉
뇘,扉
뇙,扉
手,手
扌,扌
才,才
扎,扎
扐,扐
扑,扑
扒,扒
打,打
扔,扔
払,払
扖,扖
扗,扗
托,托
扚,扚
뇛,扚
扛,扛
扜,扜
扞,扞
扠,扠
뇝,扠
扡,扡
扣,扣
扤,扤
扨,扨
뇜,扨
扭,扭
扮,扮
뇠,扮
扯,扯
扱,扱
뇞,扱
扳,扳
扵,扵
扶,扶
批,批
扺,扺
扻,扻
扼,扼
扽,扽
找,找
承,承
技,技
뇟,技
抂,抂
抃,抃
抄,抄
抅,抅
뇡,抆
抆,抆
抉,抉
把,把
抍,抍
抎,抎
抏,抏
抐,抐
抑,抑
抒,抒
抓,抓
抔,抔
投,投
抖,抖
抗,抗
折,折
抙,抙
抛,抛
抜,抜
択,択
抦,抦
抧,抧
抨,抨
披,披
抬,抬
뇣,抱
抱,抱
抳,抳
抵,抵
抶,抶
抷,抷
抹,抹
抺,抺
抻,抻
押,押
抽,抽
抾,抾
抿,抿
拂,拂
拄,拄
担,担
拆,拆
拇,拇
拈,拈
拉,拉
拊,拊
拋,拋
拌,拌
뇦,拌
拍,拍
拎,拎
拏,拏
拐,拐
뇥,拐
뇤,拐
拑,拑
拒,拒
拓,拓
拔,拔
拕,拕
拖,拖
拗,拗
拘,拘
拙,拙
拚,拚
招,招
拜,拜
拝,拝
拠,拠
拡,拡
拪,拪
括,括
拭,拭
拮,拮
拯,拯
拱,拱
拲,拲
뇫,拳
拳,拳
拴,拴
뇧,拴
拵,拵
拶,拶
拷,拷
뇨,拷
拸,拸
拼,拼
拽,拽
拾,拾
拿,拿
持,持
挂,挂
挃,挃
挄,挄
指,指
挈,挈
뇬,挈
뇭,挈
按,按
挊,挊
挋,挋
挌,挌
挍,挍
挏,挏
挐,挐
挑,挑
挒,挒
挓,挓
挖,挖
挗,挗
挘,挘
挙,挙
挟,挟
挧,挧
뇪,挧
挨,挨
挩,挩
挪,挪
挫,挫
挭,挭
挮,挮
振,振
挲,挲
挵,挵
挶,挶
挸,挸
挹,挹
뇯,挺
挺,挺
挻,挻
挼,挼
뇲,挼
뇰,挽
挽,挽
挾,挾
挿,挿
捁,捁
捂,捂
捃,捃
捄,捄
뇩,捄
捅,捅
捆,捆
捉,捉
捊,捊
捋,捋
뇵,捋
뇶,𪭺
捌,捌
捍,捍
뇳,捍
捎,捎
捏,捏
捐,捐
捒,捒
捓,捓
捔,捔
뇱,捔
捕,捕
뇮,捗
捗,捗
捘,捘
捙,捙
捛,捛
捜,捜
捤,捤
捥,捥
捦,捦
捧,捧
뇸,捨
捨,捨
捩,捩
뇼,捩
捫,捫
捬,捬
捭,捭
据,据
뇾,据
捱,捱
뇷,捲
捲,捲
捴,捴
捵,捵
捶,捶
捷,捷
捸,捸
捺,捺
捻,捻
捼,捼
捽,捽
捿,捿
掀,掀
掂,掂
뇹,掃
掃,掃
掄,掄
掇,掇
授,授
掉,掉
掊,掊
掌,掌
掎,掎
掏,掏
掐,掐
排,排
뇽,排
掔,掔
掕,掕
掖,掖
掘,掘
掙,掙
掚,掚
掛,掛
掞,掞
掟,掟
掠,掠
뇺,採
採,採
探,探
掣,掣
掤,掤
接,接
掦,掦
控,控
뇻,控
推,推
掩,掩
措,措
掫,掫
掬,掬
掭,掭
掮,掮
掯,掯
掲,掲
掴,掴
掵,掵
掻,掻
掽,掽
掾,掾
눃,掾
누,掾
揀,揀
揁,揁
눁,揃
揃,揃
揄,揄
눇,揄
揅,揅
눧,揅
눥,揅
揆,揆
揈,揈
揉,揉
揎,揎
描,描
提,提
揑,揑
插,插
揓,揓
揔,揔
揕,揕
揖,揖
눊,揖
揚,揚
換,換
揜,揜
揠,揠
握,握
揣,揣
揥,揥
揩,揩
揪,揪
揫,揫
揬,揬
揭,揭
揮,揮
揲,揲
揳,揳
눋,揳
눂,援
援,援
揵,揵
눅,揵
揶,揶
揷,揷
揸,揸
揹,揹
揺,揺
揾,揾
搆,搆
눏,搆
搉,搉
搊,搊
損,損
搏,搏
눗,搏
搐,搐
搒,搒
搓,搓
搔,搔
搖,搖
搗,搗
搘,搘
搜,搜
눎,搜
搞,搞
搠,搠
搢,搢
눑,搢
눐,搤
搤,搤
눀,搥
搥,搥
搦,搦
눖,搦
눒,搨
搨,搨
눓,搨
搩,搩
搪,搪
搫,搫
搬,搬
搭,搭
搯,搯
搰,搰
搴,搴
搵,搵
搶,搶
搷,搷
携,携
搽,搽
搾,搾
搿,搿
摂,摂
눕,摂
摋,摋
摎,摎
눤,摎
摏,摏
摑,摑
摒,摒
눛,摓
摓,摓
摔,摔
摕,摕
눔,摕
摘,摘
눜,摘
눍,摙
摙,摙
摚,摚
摛,摛
摜,摜
摝,摝
摟,摟
摠,摠
눝,摠
눞,摠
摡,摡
摣,摣
摧,摧
눚,摩
摩,摩
摭,摭
눠,摭
摯,摯
摳,摳
摴,摴
摶,摶
摸,摸
摹,摹
눙,摺
摺,摺
摻,摻
摽,摽
撃,撃
撅,撅
撇,撇
撈,撈
撋,撋
撏,撏
눫,撐
撐,撐
눴,撐
撑,撑
撒,撒
撓,撓
撕,撕
撘,撘
撙,撙
撚,撚
撛,撛
撝,撝
撞,撞
撟,撟
撡,撡
撣,撣
撤,撤
撥,撥
撦,撦
撨,撨
撩,撩
撫,撫
撬,撬
播,播
撮,撮
눨,撰
撰,撰
撲,撲
撳,撳
撹,撹
눭,撹
눩,撻
撻,撻
撼,撼
撽,撽
눪,撾
撾,撾
撿,撿
擁,擁
擂,擂
擄,擄
눰,擄
擅,擅
擇,擇
擉,擉
擊,擊
擋,擋
擌,擌
操,操
擎,擎
擐,擐
擑,擑
擒,擒
擔,擔
擕,擕
擗,擗
擘,擘
據,據
눳,據
눲,據
擠,擠
擡,擡
눶,擢
擢,擢
擣,擣
擤,擤
눹,擤
擥,擥
擦,擦
擧,擧
擩,擩
擪,擪
꺓,擪
擬,擬
擭,擭
擯,擯
눾,擯
擰,擰
擱,擱
擲,擲
눼,擲
눽,擲
삻,擲
擴,擴
눸,擴
擵,擵
눻,擶
擶,擶
擷,擷
擺,擺
擻,擻
擽,擽
눵,𭢫
擾,擾
눷,擿
擿,擿
攀,攀
攁,攁
攄,攄
攅,攅
攈,攈
攉,攉
攊,攊
攎,攎
攏,攏
攓,攓
攔,攔
눿,攔
攖,攖
攘,攘
攙,攙
攛,攛
攜,攜
攝,攝
뉁,攝
뉂,攝
샦,攝
攞,攞
攟,攟
攢,攢
攣,攣
攤,攤
뉃,攤
攦,攦
攩,攩
攪,攪
攫,攫
攬,攬
뉄,攬
攮,攮
支,支
뉅,支
攱,攱
攲,攲
攴,攴
攵,攵
샧,攵
收,收
攷,攷
攸,攸
改,改
攺,攺
攻,攻
攼,攼
攽,攽
放,放
政,政
敃,敃
敄,敄
故,故
敇,敇
效,效
敉,敉
敍,敍
敎,敎
敏,敏
敐,敐
救,救
敒,敒
敔,敔
敕,敕
敖,敖
敗,敗
敘,敘
教,教
敝,敝
뉉,敝
뉊,敝
敞,敞
뉈,敞
敟,敟
敠,敠
敢,敢
散,散
敦,敦
敧,敧
뉋,敩
敫,敫
敬,敬
뉍,敬
数,数
敱,敱
敲,敲
뉏,敲
整,整
敵,敵
뉖,敵
뉒,敷
敷,敷
數,數
뉔,數
敺,敺
敽,敽
斁,斁
뉘,斁
斂,斂
斃,斃
뉙,斃
뉛,斃
斄,斄
斅,斅
斆,斆
文,文
뉜,文
斈,斈
뀋,斈
斉,斉
斊,斊
斋,斋
斌,斌
뛚,斎
斎,斎
斐,斐
뉝,斐
뉨,斐
斑,斑
斒,斒
斕,斕
斗,斗
斘,斘
料,料
斛,斛
斜,斜
斝,斝
斟,斟
斠,斠
斡,斡
斣,斣
斤,斤
斥,斥
斦,斦
땥,斧
斧,斧
斫,斫
斬,斬
断,断
斮,斮
斯,斯
新,新
斲,斲
斳,斳
斴,斴
뉮,斵
斵,斵
斷,斷
斸,斸
方,方
於,於
施,施
斿,斿
旁,旁
旂,旂
旃,旃
旄,旄
뉲,旅
旅,旅
旆,旆
旈,旈
旉,旉
뉴,旉
旋,旋
旌,旌
旎,旎
族,族
旐,旐
旒,旒
旔,旔
旖,旖
旗,旗
旘,旘
旙,旙
旛,旛
뉶,旞
뉷,旞
旟,旟
无,无
旡,旡
뉹,旡
뉸,旡
既,既
뉺,既
旣,旣
뉻,旣
日,日
旦,旦
旧,旧
旨,旨
早,早
旬,旬
旭,旭
旮,旮
旰,旰
旱,旱
旲,旲
旳,旳
旴,旴
旵,旵
时,时
旹,旹
旺,旺
旻,旻
늅,旻
旼,旼
旽,旽
旾,旾
旿,旿
昀,昀
뉾,昀
昂,昂
늁,昂
昃,昃
昄,昄
昆,昆
昇,昇
昈,昈
늃,昈
昉,昉
昊,昊
昋,昋
昌,昌
昍,昍
明,明
뉿,明
昏,昏
昐,昐
昑,昑
昒,昒
易,易
昔,昔
昕,昕
昖,昖
昜,昜
昝,昝
昞,昞
늎,昞
星,星
映,映
昡,昡
昢,昢
昣,昣
昤,昤
늍,昤
春,春
昦,昦
昧,昧
昨,昨
昩,昩
昪,昪
昫,昫
昬,昬
昭,昭
昮,昮
是,是
昰,昰
昱,昱
昳,昳
昴,昴
昵,昵
昶,昶
昷,昷
昹,昹
昺,昺
昻,昻
昼,昼
昿,昿
晀,晀
晁,晁
時,時
晃,晃
晄,晄
晅,晅
晆,晆
晈,晈
늗,晈
늘,晈
晉,晉
晊,晊
晋,晋
晌,晌
晎,晎
晏,晏
晑,晑
晒,晒
晗,晗
晘,晘
晙,晙
晚,晚
晛,晛
晜,晜
晝,晝
晞,晞
晟,晟
늞,晟
晠,晠
晡,晡
晢,晢
晣,晣
晤,晤
晥,晥
晦,晦
늚,晦
晧,晧
늛,晧
晨,晨
晩,晩
晪,晪
晫,晫
晬,晬
晭,晭
普,普
景,景
晰,晰
晳,晳
晴,晴
晵,晵
晶,晶
늢,晷
晷,晷
늣,晷
晸,晸
晹,晹
智,智
晻,晻
晼,晼
晾,晾
晿,晿
늪,暀
暀,暀
暁,暁
늵,暁
暃,暃
暄,暄
暇,暇
暈,暈
暉,暉
늴,暊
暋,暋
暌,暌
暍,暍
暎,暎
늳,暎
暐,暐
暑,暑
暒,暒
늰,暖
暖,暖
暗,暗
늱,暗
暘,暘
暙,暙
暚,暚
暛,暛
暜,暜
늸,暜
暝,暝
暟,暟
暠,暠
늺,暠
暢,暢
暤,暤
暦,暦
暨,暨
暩,暩
暫,暫
暭,暭
暮,暮
늼,暮
暱,暱
늿,暱
暲,暲
暴,暴
暵,暵
暸,暸
봛,暹
暹,暹
暻,暻
暼,暼
닆,暼
暽,暽
暾,暾
暿,暿
曀,曀
曁,曁
늾,曁
닄,曁
닋,曁
曂,曂
늽,曃
曃,曃
曄,曄
닅,曄
曅,曅
曆,曆
曇,曇
曈,曈
曉,曉
曌,曌
曎,曎
曏,曏
닃,曏
曑,曑
曔,曔
曖,曖
曗,曗
曙,曙
닌,曙
曚,曚
닉,曚
曛,曛
닍,曜
曜,曜
曝,曝
曟,曟
曠,曠
닏,曠
曦,曦
曨,曨
曩,曩
曫,曫
曬,曬
曮,曮
曰,曰
曲,曲
曳,曳
更,更
뉼,更
曵,曵
닓,曵
닔,曵
曷,曷
늆,曷
書,書
曹,曹
曺,曺
늒,曻
曻,曻
늝,曻
曼,曼
꺣,曼
曽,曽
曾,曾
닗,曾
늩,曾
替,替
最,最
朁,朁
會,會
권,㑹
궘,會
朅,朅
朇,朇
닛,月
月,月
有,有
닜,有
닟,朋
朋,朋
닞,服
服,服
朎,朎
닣,朎
朏,朏
朒,朒
朓,朓
朔,朔
다,朕
朕,朕
朖,朖
朗,朗
닩,朗
朙,朙
닥,望
望,望
닦,望
닧,望
단,望
朜,朜
달,朝
朝,朝
朞,朞
닮,朞
期,期
닭,期
朠,朠
닰,朠
朢,朢
朦,朦
닱,朦
朧,朧
木,木
未,未
末,末
本,本
札,札
朮,朮
朰,枩
朱,朱
朳,朳
朴,朴
朶,朶
朷,朷
朸,朸
机,机
朽,朽
朾,朾
朿,朿
杁,杁
权,权
杄,杄
杅,杅
杆,杆
杇,杇
杈,杈
닷,杈
杉,杉
杊,杊
杌,杌
杍,杍
李,李
杏,杏
材,材
村,村
닲,杓
杓,杓
杔,杔
杕,杕
닳,杖
닻,杖
杖,杖
끕,杘
杙,杙
杜,杜
杝,杝
杞,杞
닶,杞
답,𣏌
束,束
杠,杠
条,条
杢,杢
杣,杣
杤,杤
来,来
杦,杦
杪,杪
杫,杫
杬,杬
杭,杭
杮,杮
杯,杯
杰,杰
東,東
杲,杲
杳,杳
杴,杴
杵,杵
杶,杶
杷,杷
杺,杺
杻,杻
杼,杼
松,松
닽,松
板,板
枀,枀
담,极
极,极
构,构
枅,枅
댛,枅
댜,枅
枆,枆
枇,枇
枉,枉
枋,枋
枌,枌
댁,枌
枎,枎
枏,枏
析,析
枑,枑
枒,枒
枓,枓
枕,枕
枖,枖
林,林
枘,枘
枙,枙
枚,枚
枛,枛
果,果
枝,枝
枠,枠
枡,枡
枢,枢
枦,枦
닺,枦
枩,枩
닸,枩
枯,枯
枰,枰
枱,枱
枲,枲
枳,枳
枴,枴
枵,枵
架,架
枷,枷
枸,枸
枹,枹
댏,枹
枺,枺
枻,枻
枼,枼
枽,枽
셦,枾
柀,柀
柁,柁
柂,柂
柃,柃
柄,柄
샨,柄
柅,柅
柆,柆
柈,柈
柉,柉
댇,柊
柊,柊
柍,柍
柎,柎
柏,柏
某,某
柑,柑
柒,柒
染,染
柔,柔
댃,柔
柕,柕
柗,柗
柘,柘
柙,柙
柚,柚
柛,柛
柜,柜
댅,柜
柝,柝
柞,柞
柠,柠
柡,柡
柢,柢
柤,柤
查,查
柦,柦
댎,柧
柧,柧
柩,柩
柬,柬
柭,柭
柮,柮
柯,柯
柰,柰
柱,柱
댆,柱
柲,柲
柳,柳
댄,柳
柴,柴
柵,柵
柶,柶
柷,柷
柹,柹
柺,柺
댈,柺
査,査
柼,柼
柾,柾
柿,柿
栁,栁
댍,栁
栂,栂
栃,栃
댐,栃
栄,栄
栅,栅
栐,栐
栒,栒
댙,栓
栓,栓
栔,栔
댡,栕
栖,栖
댞,栖
栗,栗
栘,栘
栙,栙
栜,栜
栝,栝
栞,栞
栟,栟
校,校
댖,校
栢,栢
栥,栥
栧,栧
栨,栨
栩,栩
댟,栩
株,株
栫,栫
栬,栬
栭,栭
栯,栯
栰,栰
栱,栱
栲,栲
댚,栲
栳,栳
栴,栴
核,核
댗,核
根,根
栻,栻
格,格
栽,栽
栾,栾
栿,栿
댝,桀
桀,桀
댰,桀
桁,桁
桂,桂
桃,桃
桄,桄
桅,桅
댘,桅
框,框
案,案
桉,桉
桊,桊
桌,桌
桍,桍
桎,桎
桐,桐
桑,桑
桒,桒
댂,桒
샩,桒
댑,桒
桓,桓
桔,桔
桕,桕
桗,桗
桘,桘
桙,桙
桛,桛
桜,桜
桝,桝
댵,桝
桟,桟
档,档
桧,桧
桫,桫
桭,桭
桮,桮
桯,桯
桰,桰
桱,桱
桲,桲
桴,桴
댤,桴
桵,桵
댧,桵
桶,桶
桷,桷
桹,桹
桺,桺
桻,桻
桼,桼
桾,桾
桿,桿
댴,梀
梁,梁
梂,梂
梃,梃
댱,梃
梄,梄
梅,梅
梆,梆
댪,梆
梈,梈
梍,梍
梎,梎
梏,梏
댮,梏
梐,梐
梓,梓
梔,梔
梖,梖
댢,梗
梗,梗
梘,梘
梙,梙
梚,梚
댩,梛
梛,梛
梜,梜
條,條
梟,梟
댶,梟
梠,梠
梡,梡
댨,梢
梢,梢
梣,梣
梥,梥
뀦,梥
梦,梦
梧,梧
梨,梨
梩,梩
梪,梪
梫,梫
梬,梬
梭,梭
梮,梮
梯,梯
械,械
梱,梱
梲,梲
梳,梳
梴,梴
梵,梵
댥,梵
梶,梶
梹,梹
梺,梺
梻,梻
梼,梼
댭,棁
棃,棃
棄,棄
棅,棅
棆,棆
棈,棈
댷,棈
棉,棉
棊,棊
棋,棋
棌,棌
棍,棍
棏,棏
덀,棏
棐,棐
棑,棑
棒,棒
棓,棓
棔,棔
棕,棕
棖,棖
棗,棗
棘,棘
棙,棙
댺,棚
棚,棚
棜,棜
棝,棝
棟,棟
棠,棠
棡,棡
棣,棣
棤,棤
棥,棥
棧,棧
棨,棨
棪,棪
棫,棫
棬,棬
棭,棭
森,森
棯,棯
棰,棰
棱,棱
棲,棲
棳,棳
棵,棵
棶,棶
棷,棷
棹,棹
棺,棺
棻,棻
棼,棼
棽,棽
椀,椀
椁,椁
椃,椃
椄,椄
椅,椅
椆,椆
椇,椇
椈,椈
椉,椉
椊,椊
椋,椋
椌,椌
댽,椌
植,植
椎,椎
椏,椏
椐,椐
椑,椑
椒,椒
椓,椓
椖,椖
椗,椗
椙,椙
椚,椚
椛,椛
댯,椛
検,検
椡,椡
椢,椢
椣,椣
椥,椥
椦,椦
덃,椦
댻,椧
椨,椨
椪,椪
椰,椰
덙,椰
椱,椱
椳,椳
椴,椴
椵,椵
椶,椶
椸,椸
椹,椹
椻,椻
椽,椽
덍,椽
덎,椽
椿,椿
楁,楁
楂,楂
楅,楅
楆,楆
楉,楉
楊,楊
楎,楎
楑,楑
楒,楒
楓,楓
楔,楔
덚,楔
楕,楕
덗,楖
楗,楗
덑,楗
楙,楙
楚,楚
楛,楛
楜,楜
楝,楝
덖,楞
楞,楞
楠,楠
楡,楡
楢,楢
덊,楢
덉,楢
楣,楣
楤,楤
楥,楥
楦,楦
楧,楧
楨,楨
楩,楩
楪,楪
楫,楫
덕,楫
楬,楬
業,業
댸,楮
楮,楮
덌,楯
楯,楯
楰,楰
楱,楱
楲,楲
楳,楳
楴,楴
極,極
楷,楷
楸,楸
楹,楹
楺,楺
楻,楻
楼,楼
楽,楽
楾,楾
楿,楿
榀,榀
榁,榁
概,概
덷,概
더,榅
덏,榆
榊,榊
덞,榊
榍,榍
榎,榎
榏,榏
榑,榑
덯,榑
榒,榒
덫,榒
榔,榔
덡,榔
榕,榕
榖,榖
榘,榘
뙮,榘
榛,榛
榜,榜
榟,榟
榠,榠
榡,榡
榥,榥
榦,榦
榧,榧
샪,榧
榨,榨
榫,榫
榬,榬
榭,榭
榮,榮
榯,榯
榰,榰
榱,榱
榲,榲
榴,榴
榷,榷
榸,榸
榺,榺
덪,榺
삼,榺
榻,榻
델,榻
榼,榼
榾,榾
榿,榿
槀,槀
槁,槁
뎁,槁
槃,槃
槅,槅
槇,槇
덦,槇
槈,槈
槊,槊
덝,構
構,構
槌,槌
덠,槌
槍,槍
槎,槎
덧,槏
槏,槏
槐,槐
槑,槑
槓,槓
槖,槖
槗,槗
様,様
槙,槙
덤,槇
槝,槝
槞,槞
槢,槢
뎈,槢
槣,槣
덢,槤
槤,槤
槥,槥
槧,槧
槨,槨
뎂,槩
槩,槩
뎅,槪
뎄,槪
海,槪
槫,槫
덓,槫
槭,槭
槮,槮
槯,槯
槰,槰
槱,槱
槲,槲
槳,槳
槴,槴
槵,槵
槶,槶
槹,槹
槻,槻
槼,槼
槽,槽
덻,槾
槾,槾
槿,槿
덹,槿
뎉,槿
樀,樀
樁,樁
樂,樂
樃,樃
樅,樅
덺,𫞋
樊,樊
樋,樋
덼,樋
樌,樌
樏,樏
樑,樑
樒,樒
樓,樓
樔,樔
뎎,樔
樕,樕
樗,樗
標,標
樚,樚
樛,樛
뎍,樛
樝,樝
樞,樞
樟,樟
樠,樠
模,模
樢,樢
樣,樣
뎒,樣
樤,樤
덱,榝
樨,樨
権,権
横,横
뎊,横
樫,樫
樮,樮
樰,樰
樲,樲
樳,樳
樴,樴
樵,樵
樶,樶
樷,樷
樸,樸
뎞,樹
樹,樹
樺,樺
樻,樻
뎓,樽
樽,樽
樾,樾
樿,樿
橄,橄
뎡,橄
橅,橅
橆,橆
橇,橇
橈,橈
橉,橉
뎜,橉
橊,橊
橋,橋
橎,橎
橐,橐
橑,橑
橒,橒
셧,橓
橔,橔
橕,橕
橖,橖
橘,橘
뎗,橙
橙,橙
橛,橛
機,機
뎝,機
橡,橡
뎟,橡
橢,橢
橤,橤
橦,橦
橧,橧
뎏,橧
橪,橪
橫,橫
橱,橱
橲,橲
橳,橳
뎚,橳
뎛,橳
橸,橸
橺,橺
橾,橾
橿,橿
檀,檀
뎹,檀
檁,檁
檃,檃
檄,檄
檆,檆
檇,檇
檉,檉
뎮,檉
檋,檋
檍,檍
檎,檎
檐,檐
뎪,檐
檑,檑
檔,檔
뎕,檖
檖,檖
檗,檗
뎖,檛
檛,檛
뎘,檜
檜,檜
뎙,檜
뎭,檜
檝,檝
檞,檞
檟,檟
檠,檠
檡,檡
檢,檢
檣,檣
檤,檤
檥,檥
檪,檪
檫,檫
檬,檬
뎩,檬
뎼,檬
檭,檭
檮,檮
檯,檯
檰,檰
檱,檱
檳,檳
돆,檳
돇,檳
檴,檴
檸,檸
뎽,檸
檻,檻
檽,檽
檾,檾
檿,檿
櫁,櫁
櫂,櫂
돏,櫂
櫃,櫃
櫆,櫆
櫈,櫈
櫉,櫉
櫌,櫌
櫎,櫎
뎷,櫎
櫐,櫐
櫑,櫑
櫓,櫓
櫔,櫔
뎺,櫔
櫕,櫕
櫖,櫖
櫚,櫚
櫛,櫛
뎿,櫛
뎻,櫛
櫜,櫜
돁,櫜
櫝,櫝
돉,櫝
櫞,櫞
돂,櫞
도,櫞
독,櫞
櫟,櫟
櫢,櫢
櫤,櫤
돋,櫤
櫧,櫧
櫨,櫨
櫪,櫪
뎾,𭬒
櫬,櫬
櫰,櫰
櫱,櫱
櫲,櫲
櫳,櫳
돎,櫳
櫺,櫺
櫻,櫻
櫼,櫼
櫽,櫽
欂,欂
欃,欃
欄,欄
欅,欅
欆,欆
샬,欇
欇,欇
欉,欉
權,權
欋,欋
欏,欏
欐,欐
欑,欑
欒,欒
欖,欖
欗,欗
欛,欛
欝,欝
돕,欝
欞,欞
欟,欟
欠,欠
次,次
欣,欣
欤,欤
欥,欥
欦,欦
欧,欧
欨,欨
欫,欫
欬,欬
欯,欯
欲,欲
欴,欴
欵,欵
欶,欶
欷,欷
欸,欸
欹,欹
欺,欺
欻,欻
欽,欽
款,款
欿,欿
歃,歃
歆,歆
돗,歇
歇,歇
歉,歉
동,歉
歊,歊
歌,歌
歍,歍
歎,歎
돛,歎
歏,歏
歐,歐
歒,歒
歓,歓
돜,歔
歔,歔
歖,歖
歘,歘
歙,歙
돝,歙
歛,歛
歝,歝
歟,歟
歠,歠
歡,歡
止,止
正,正
此,此
步,步
武,武
歧,歧
歩,歩
歪,歪
歫,歫
歬,歬
歮,歮
歯,歯
歰,歰
歲,歲
돠,歲
돥,歲
歳,歳
歴,歴
歵,歵
歷,歷
歸,歸
돨,歸
歹,歹
歺,歺
死,死
歽,歽
歾,歾
歿,歿
殀,殀
殁,殁
殂,殂
殃,殃
殄,殄
殅,殅
殆,殆
殉,殉
殊,殊
残,残
殍,殍
돫,殍
殑,殑
殕,殕
殖,殖
殗,殗
殘,殘
殛,殛
殞,殞
殟,殟
殠,殠
殢,殢
殣,殣
殤,殤
殨,殨
돭,殩
殩,殩
殪,殪
殫,殫
殬,殬
殭,殭
殮,殮
殯,殯
돮,殯
돯,殯
殰,殰
돰,殰
殱,殱
殲,殲
殳,殳
殴,殴
段,段
殷,殷
殸,殸
殹,殹
殺,殺
殻,殻
돲,殻
殼,殼
돴,殼
殽,殽
殾,殾
殿,殿
毀,毀
毁,毁
毃,毃
毄,毄
毅,毅
毆,毆
毇,毇
毈,毈
毉,毉
毋,毋
毌,毌
母,母
毎,毎
每,每
毒,毒
毓,毓
돸,毓
比,比
毖,毖
毗,毗
毘,毘
毚,毚
毛,毛
毟,毟
毡,毡
毣,毣
毦,毦
毧,毧
毨,毨
毫,毫
毬,毬
毮,毮
毯,毯
毱,毱
毳,毳
毷,毷
毸,毸
毹,毹
돺,毺
毺,毺
毿,毿
氂,氂
氄,氄
氅,氅
氈,氈
돽,氈
돼,氈
氉,氉
氊,氊
氍,氍
氎,氎
돾,氎
氏,氏
氐,氐
民,民
氒,氒
氓,氓
됁,氓
됂,氓
气,气
気,気
氙,氙
氛,氛
됃,氛
氜,氜
氟,氟
氣,氣
氤,氤
氦,氦
氧,氧
氨,氨
氬,氬
氮,氮
氳,氳
水,水
氵,氵
氶,氶
氷,氷
永,永
氺,氺
氻,氻
氾,氾
氿,氿
汀,汀
汁,汁
求,求
汃,汃
汊,汊
汋,汋
汍,汍
됈,汍
汎,汎
汏,汏
汐,汐
汒,汒
됉,汒
됋,汓
汔,汔
汕,汕
汗,汗
汙,汙
汚,汚
汛,汛
됆,汛
汜,汜
汝,汝
汞,汞
江,江
池,池
됇,污
汢,汢
汧,汧
汨,汨
汩,汩
汪,汪
汫,汫
汭,汭
됐,汭
됑,汭
汯,汯
汰,汰
汱,汱
汲,汲
됏,汲
汳,汳
됎,汴
汴,汴
汶,汶
됒,汶
汸,汸
汹,汹
決,決
汻,汻
汽,汽
汾,汾
됔,汾
沁,沁
沂,沂
沃,沃
沄,沄
沅,沅
沆,沆
沇,沇
沈,沈
沉,沉
沌,沌
沍,沍
沐,沐
沒,沒
沓,沓
沔,沔
沕,沕
沖,沖
沗,沗
됙,沗
沘,沘
沙,沙
沚,沚
沛,沛
沜,沜
沟,沟
沠,沠
没,没
沢,沢
沪,沪
됕,沪
沫,沫
沬,沬
沭,沭
沮,沮
沰,沰
沱,沱
沲,沲
河,河
沴,沴
沵,沵
됗,沷
沸,沸
油,油
沺,沺
治,治
沼,沼
沽,沽
沾,沾
沿,沿
됚,沿
됛,沿
況,況
泂,泂
泃,泃
泄,泄
泅,泅
泆,泆
泉,泉
泊,泊
泌,泌
泍,泍
泎,泎
泏,泏
泐,泐
泑,泑
泒,泒
됞,泒
泓,泓
泔,泔
法,法
泖,泖
泗,泗
泙,泙
됢,泙
泚,泚
泛,泛
泜,泜
泝,泝
泞,泞
泠,泠
됝,泡
泡,泡
波,波
泣,泣
泥,泥
泦,泦
됡,泧
泧,泧
注,注
된,注
泩,泩
泪,泪
泫,泫
泬,泬
泭,泭
泮,泮
泯,泯
泰,泰
泱,泱
泲,泲
泳,泳
泴,泴
泻,泻
됣,泿
洀,洀
洁,洁
洄,洄
洇,洇
洊,洊
洋,洋
洌,洌
洎,洎
洏,洏
洑,洑
洒,洒
洓,洓
洗,洗
洙,洙
洚,洚
洛,洛
洝,洝
洞,洞
洟,洟
洣,洣
洤,洤
津,津
洦,洦
洧,洧
洨,洨
洩,洩
洪,洪
洫,洫
洮,洮
洯,洯
됨,洯
洱,洱
洲,洲
洳,洳
洴,洴
洵,洵
洶,洶
洸,洸
洹,洹
活,活
洼,洼
洽,洽
됤,派
派,派
洿,洿
流,流
浂,浂
浄,浄
浅,浅
浊,浊
浗,浗
浘,浘
浙,浙
浚,浚
浛,浛
浜,浜
浞,浞
浟,浟
浠,浠
浡,浡
浣,浣
浤,浤
浥,浥
浦,浦
浧,浧
됭,浩
浩,浩
浪,浪
浬,浬
됮,浮
浮,浮
浯,浯
浰,浰
浲,浲
浴,浴
海,海
됯,浸
浸,浸
浹,浹
浼,浼
浽,浽
셪,浿
涀,涀
涁,涁
涂,涂
涅,涅
涇,涇
됰,消
消,消
涉,涉
涊,涊
涌,涌
涍,涍
涎,涎
둈,涎
涑,涑
涒,涒
涓,涓
涔,涔
涕,涕
涖,涖
涗,涗
涘,涘
涙,涙
涛,涛
涜,涜
润,润
涪,涪
涫,涫
涬,涬
됿,涬
涮,涮
涯,涯
液,液
涴,涴
涵,涵
둀,涵
涷,涷
涸,涸
涹,涹
涼,涼
涽,涽
涿,涿
淀,淀
淂,淂
셫,淃
둎,淃
두,淃
淄,淄
淅,淅
淆,淆
淇,淇
淈,淈
淊,淊
둆,淊
淋,淋
淌,淌
둊,淌
淍,淍
淎,淎
淏,淏
둂,淏
淐,淐
淑,淑
淒,淒
淕,淕
淖,淖
淗,淗
淘,淘
淙,淙
淚,淚
淛,淛
淝,淝
淞,淞
둉,淞
淟,淟
淠,淠
淡,淡
淢,淢
淤,淤
淥,淥
淦,淦
淨,淨
됽,淨
淩,淩
淪,淪
됹,淫
淫,淫
淬,淬
淮,淮
淯,淯
淰,淰
深,深
淲,淲
淳,淳
淴,淴
淵,淵
淶,淶
混,混
淸,淸
淹,淹
淺,淺
添,添
둃,添
淼,淼
渀,渀
渄,渄
清,清
渇,渇
済,済
渉,渉
渊,渊
渋,渋
渓,渓
渕,渕
渗,渗
渙,渙
渚,渚
減,減
渝,渝
둚,渝
渞,渞
渟,渟
渠,渠
댼,渠
渡,渡
渢,渢
渣,渣
둙,渣
渤,渤
渥,渥
渦,渦
渧,渧
둖,渧
温,温
渫,渫
測,測
渭,渭
渮,渮
둏,港
港,港
둇,港
渰,渰
渲,渲
둨,渳
渳,渳
渴,渴
渶,渶
둕,渶
游,游
渹,渹
渺,渺
渻,渻
渼,渼
셬,渽
渾,渾
湀,湀
湁,湁
湃,湃
湄,湄
湅,湅
湈,湈
湉,湉
湊,湊
湋,湋
湌,湌
湍,湍
湎,湎
湏,湏
湑,湑
湒,湒
湓,湓
湔,湔
湕,湕
湖,湖
湗,湗
湘,湘
湛,湛
湜,湜
湝,湝
湞,湞
湟,湟
湢,湢
湣,湣
湦,湦
湧,湧
湨,湨
湫,湫
둓,湮
湮,湮
둒,湮
湯,湯
湲,湲
둧,湲
湳,湳
湴,湴
둋,湴
湶,湶
湷,湷
셭,湺
湻,湻
湽,湽
湾,湾
둦,湾
湿,湿
満,満
둣,満
溂,溂
溉,溉
溌,溌
溍,溍
溏,溏
둿,溏
源,源
溓,溓
둲,溓
溔,溔
準,準
溘,溘
溙,溙
溜,溜
둱,溝
溝,溝
溟,溟
溠,溠
둭,溢
溢,溢
둮,溢
溤,溤
溥,溥
둷,溥
溧,溧
溪,溪
둽,溪
溫,溫
溭,溭
溮,溮
溯,溯
溰,溰
溱,溱
됾,溲
溲,溲
됴,溲
둔,溲
溳,溳
溴,溴
溶,溶
溷,溷
둯,溺
溺,溺
溻,溻
溼,溼
溽,溽
溿,溿
둼,溿
滀,滀
滁,滁
滂,滂
滃,滃
滄,滄
滅,滅
滇,滇
둶,滇
滈,滈
滉,滉
滊,滊
滋,滋
둘,滋
둫,滋
둬,滋
滌,滌
滍,滍
滎,滎
滏,滏
滑,滑
滓,滓
滔,滔
둾,滔
뒄,滕
滕,滕
뒅,滕
滙,滙
滝,滝
滞,滞
滫,滫
뒌,滬
滬,滬
滭,滭
滮,滮
滯,滯
듞,滰
滲,滲
滴,滴
뒉,滴
滷,滷
滸,滸
滹,滹
滺,滺
滻,滻
滽,滽
滾,滾
뒍,滾
滿,滿
뒚,滿
둰,漁
漁,漁
漂,漂
漃,漃
漄,漄
漆,漆
漈,漈
漉,漉
漊,漊
漌,漌
漍,漍
漏,漏
漐,漐
뒊,漑
뒋,漑
漑,漑
뒭,漑
둸,漑
뒮,漑
뒯,漑
漓,漓
演,演
漕,漕
漖,漖
漘,漘
漙,漙
漚,漚
漛,漛
漠,漠
漢,漢
漣,漣
뒇,漣
漥,漥
漦,漦
뒈,漨
漨,漨
漩,漩
漪,漪
漫,漫
漬,漬
漭,漭
뒺,漭
漯,漯
漰,漰
漱,漱
漲,漲
漳,漳
漵,漵
漶,漶
漸,漸
漻,漻
뒖,漻
뒗,漻
漼,漼
漾,漾
뒕,漾
漿,漿
潁,潁
潄,潄
潅,潅
潏,潏
潑,潑
潒,潒
潓,潓
潔,潔
뒩,潔
潗,潗
뎐,𬄕
潘,潘
潙,潙
潚,潚
潛,潛
듃,潛
듔,潛
드,潛
득,潛
潜,潜
潝,潝
潞,潞
潟,潟
潠,潠
潡,潡
潢,潢
潣,潣
潤,潤
듋,潤
潦,潦
潨,潨
潪,潪
潬,潬
뒰,潭
潭,潭
뒲,潮
潮,潮
潯,潯
듂,潯
潰,潰
潴,潴
뒥,潴
潸,潸
뒵,潸
潺,潺
潼,潼
潽,潽
뒴,潾
潾,潾
뒳,潾
澀,澀
듟,澀
澁,澁
澂,澂
뒹,澂
뒤,澂
澃,澃
澄,澄
澆,澆
澇,澇
澈,澈
澋,澋
澌,澌
澍,澍
澎,澎
澐,澐
澑,澑
澒,澒
澓,澓
澔,澔
澖,澖
澗,澗
澘,澘
澚,澚
뒔,澚
澟,澟
澠,澠
澡,澡
澣,澣
澤,澤
듉,澤
듮,澤
澥,澥
澦,澦
澧,澧
澨,澨
澩,澩
澪,澪
澫,澫
듆,澫
듇,澫
澭,澭
澮,澮
澯,澯
듌,澯
澰,澰
澱,澱
澳,澳
듀,澳
澴,澴
澵,澵
澶,澶
澸,澸
澹,澹
澼,澼
뒪,澾
澾,澾
激,激
濁,濁
濂,濂
듎,濂
濃,濃
뒫,濄
濄,濄
濅,濅
濆,濆
듈,濆
濇,濇
濈,濈
듁,濈
濉,濉
濊,濊
濔,濔
濕,濕
濘,濘
든,濘
濚,濚
濛,濛
듊,濛
濝,濝
濞,濞
濟,濟
濠,濠
듗,濠
濡,濡
濤,濤
濧,濧
濨,濨
濩,濩
濫,濫
濬,濬
濮,濮
듘,濯
濯,濯
듙,濯
濰,濰
濱,濱
듫,濱
듬,濱
濳,濳
濵,濵
濶,濶
듕,濹
濹,濹
濺,濺
濼,濼
濽,濽
濾,濾
瀀,瀀
瀁,瀁
듶,瀁
瀅,瀅
瀆,瀆
瀇,瀇
듛,瀇
瀉,瀉
瀊,瀊
瀋,瀋
瀍,瀍
瀏,瀏
瀑,瀑
듼,瀕
瀕,瀕
瀗,瀗
瀘,瀘
瀚,瀚
딄,瀚
瀛,瀛
딁,瀛
딀,瀛
셮,瀜
瀝,瀝
듖,瀞
瀞,瀞
듹,瀞
듺,瀞
瀟,瀟
瀠,瀠
듨,瀡
瀡,瀡
듩,瀢
瀢,瀢
瀣,瀣
瀦,瀦
듻,瀦
瀧,瀧
듽,瀧
듴,瀧
듵,瀧
듾,瀧
듿,瀧
瀨,瀨
瀬,瀬
瀯,瀯
瀰,瀰
瀲,瀲
瀴,瀴
瀷,瀷
瀸,瀸
瀹,瀹
瀺,瀺
瀼,瀼
瀾,瀾
딅,瀾
瀿,瀿
灁,灁
灃,灃
灄,灄
灇,灇
灈,灈
灉,灉
灊,灊
灋,灋
灌,灌
灎,灎
灑,灑
딌,灒
灔,灔
灕,灕
灘,灘
딋,灘
灝,灝
灞,灞
灣,灣
灤,灤
灥,灥
灩,灩
火,火
灬,灬
灮,灮
딍,灮
딎,灮
灯,灯
灰,灰
灵,灵
灶,灶
딏,灸
灸,灸
딐,灼
灼,灼
災,災
灾,灾
炁,炁
炅,炅
炆,炆
炉,炉
炊,炊
炎,炎
炏,炏
炒,炒
炔,炔
炕,炕
炖,炖
炗,炗
炘,炘
炙,炙
炚,炚
炛,炛
炟,炟
셰,炡
炤,炤
炫,炫
炬,炬
딒,炬
炭,炭
炮,炮
딑,炮
炯,炯
炰,炰
炱,炱
炳,炳
딓,炳
炴,炴
炷,炷
炸,炸
点,点
為,為
炻,炻
烈,烈
烊,烊
烋,烋
烏,烏
烑,烑
烓,烓
烔,烔
烕,烕
烖,烖
烘,烘
烙,烙
烛,烛
烜,烜
烝,烝
烟,烟
烤,烤
딖,烤
烬,烬
烱,烱
딗,烷
烹,烹
烺,烺
烽,烽
焃,焃
焄,焄
焅,焅
焆,焆
焇,焇
焈,焈
딜,焈
焉,焉
焋,焋
焌,焌
焏,焏
焔,焔
焘,焘
焙,焙
焚,焚
焜,焜
焞,焞
焠,焠
無,無
焦,焦
焫,焫
焭,焭
焮,焮
焯,焯
焰,焰
焱,焱
焵,焵
然,然
焸,焸
焼,焼
焽,焽
煁,煁
煅,煅
煆,煆
煇,煇
煉,煉
딤,煉
煊,煊
煋,煋
煌,煌
딧,煎
煎,煎
煐,煐
煑,煑
딫,煒
煒,煒
딺,煒
煓,煓
煕,煕
煖,煖
딮,煖
煗,煗
딨,煙
煙,煙
煚,煚
煜,煜
煞,煞
煠,煠
딪,煢
煢,煢
딩,煢
煤,煤
煥,煥
煦,煦
照,照
煨,煨
煩,煩
煬,煬
煮,煮
煹,煹
딦,煺
煺,煺
딲,煽
煽,煽
딳,煽
熀,熀
熄,熄
熅,熅
熇,熇
熈,熈
땇,熈
셱,熉
熊,熊
熌,熌
熏,熏
熒,熒
熔,熔
딹,熔
熕,熕
熖,熖
熙,熙
熚,熚
熛,熛
熟,熟
熠,熠
딵,熢
熢,熢
딶,熥
熥,熥
熨,熨
熬,熬
熮,熮
熯,熯
熰,熰
熱,熱
熲,熲
熳,熳
땀,熳
熹,熹
熺,熺
熾,熾
熿,熿
땃,熿
燀,燀
샀,燁
燁,燁
땄,燁
땅,燁
燃,燃
燄,燄
燈,燈
燉,燉
燋,燋
燌,燌
燎,燎
燐,燐
땕,燐
燒,燒
燓,燓
燔,燔
燕,燕
燖,燖
燗,燗
燙,燙
燚,燚
燜,燜
營,營
燠,燠
땒,燠
燥,燥
燦,燦
때,燧
燧,燧
땗,燧
땘,燧
燬,燬
燭,燭
燮,燮
땍,燵
燵,燵
燸,燸
燹,燹
燻,燻
땖,燻
燼,燼
燾,燾
땛,燿
燿,燿
爀,爀
爆,爆
爇,爇
爈,爈
爉,爉
땝,爉
爌,爌
爍,爍
爐,爐
爓,爓
爕,爕
爗,爗
爚,爚
爛,爛
땞,爛
爝,爝
땟,爟
爟,爟
爤,爤
爨,爨
땡,爨
땢,爨
爪,爪
爫,爫
爬,爬
爭,爭
爯,爯
爰,爰
爱,爱
爲,爲
땣,爲
爴,爴
爵,爵
땜,爵
父,父
땤,父
爸,爸
땦,爸
爹,爹
땨,爹
爺,爺
땩,爺
爻,爻
땪,爻
爼,爼
爽,爽
爾,爾
괙,爾
爿,爿
牀,牀
땬,牀
牁,牁
牂,牂
牃,牃
牅,牅
牆,牆
땱,牆
片,片
땲,片
땳,片
版,版
牋,牋
땴,牌
牌,牌
牎,牎
牏,牏
牐,牐
牒,牒
牓,牓
牕,牕
랅,牕
牖,牖
牗,牗
牘,牘
땵,牙
牙,牙
땶,牙
땷,牚
牚,牚
牛,牛
牜,牜
牝,牝
牞,牞
牟,牟
牠,牠
牡,牡
牢,牢
牣,牣
牧,牧
牨,牨
物,物
牫,牫
牮,牮
牯,牯
牱,牱
牲,牲
牴,牴
牷,牷
牸,牸
特,特
牻,牻
牼,牼
괰,牽
牽,牽
牾,牾
牿,牿
犀,犀
犁,犁
犂,犂
犄,犄
犇,犇
犉,犉
犍,犍
犎,犎
犒,犒
犓,犓
犖,犖
犛,犛
犠,犠
犢,犢
犧,犧
犨,犨
犬,犬
犭,犭
꺝,犮
犮,犮
犯,犯
犰,犰
犱,犱
犲,犲
犳,犳
犴,犴
状,状
犹,犹
犾,犾
狀,狀
狁,狁
狂,狂
狃,狃
狄,狄
狆,狆
狇,狇
狉,狉
狌,狌
狍,狍
狎,狎
狐,狐
狑,狑
狒,狒
狕,狕
狖,狖
狗,狗
狘,狘
狙,狙
狛,狛
狟,狟
狠,狠
狡,狡
땾,狡
狢,狢
狥,狥
狩,狩
独,独
狭,狭
狳,狳
狴,狴
狷,狷
狸,狸
狹,狹
狺,狺
狻,狻
狼,狼
狽,狽
狾,狾
猂,猂
猄,猄
猅,猅
猇,猇
猊,猊
猋,猋
猍,猍
猐,猐
猒,猒
猓,猓
猖,猖
猗,猗
猘,猘
猙,猙
猛,猛
猜,猜
떂,猜
猝,猝
猞,猞
猟,猟
猢,猢
猤,猤
猥,猥
猧,猧
猨,猨
猩,猩
猪,猪
猫,猫
猬,猬
猭,猭
献,献
猯,猯
猱,猱
猲,猲
猳,猳
猴,猴
猵,猵
떆,猶
猶,猶
떅,猶
상,猶
猷,猷
떉,猷
猹,猹
猺,猺
猻,猻
猽,猽
猾,猾
猿,猿
獃,獃
獄,獄
獅,獅
떊,獈
獍,獍
獎,獎
獏,獏
獐,獐
獒,獒
떍,獒
獖,獖
獗,獗
獘,獘
獝,獝
獞,獞
獟,獟
獠,獠
獣,獣
獦,獦
獧,獧
獨,獨
獩,獩
獪,獪
獫,獫
獬,獬
獮,獮
獯,獯
獰,獰
떐,獰
獱,獱
獲,獲
獵,獵
獷,獷
獸,獸
獹,獹
獺,獺
떑,獺
獻,獻
獼,獼
玀,玀
玁,玁
떒,玁
玃,玃
玄,玄
玅,玅
玆,玆
떓,率
率,率
玉,玉
玊,玊
王,王
玎,玎
玏,玏
玐,玐
玒,玒
玓,玓
떗,玓
玔,玔
玕,玕
玖,玖
玗,玗
玘,玘
玜,玜
玞,玞
玟,玟
떙,玟
玠,玠
玢,玢
玥,玥
玦,玦
셲,玧
玨,玨
玩,玩
玪,玪
玫,玫
玭,玭
玲,玲
玳,玳
玵,玵
玷,玷
玹,玹
玻,玻
玼,玼
玽,玽
玿,玿
珀,珀
珂,珂
珅,珅
珆,珆
珈,珈
珉,珉
珊,珊
떛,珊
떜,珊
珋,珋
珌,珌
珍,珍
珎,珎
떚,珎
珏,珏
珒,珒
珓,珓
珖,珖
珙,珙
珜,珜
珝,珝
珞,珞
珠,珠
珡,珡
珣,珣
珤,珤
珥,珥
떦,珥
珦,珦
珧,珧
珩,珩
珪,珪
班,班
떡,班
珮,珮
珱,珱
珴,珴
珵,珵
떩,珵
珷,珷
珸,珸
珹,珹
떣,珹
珺,珺
珻,珻
珽,珽
떨,珽
現,現
珿,珿
琀,琀
琁,琁
琂,琂
球,球
琄,琄
琅,琅
理,理
琇,琇
琈,琈
琉,琉
琊,琊
琑,琑
琓,琓
琔,琔
琚,琚
琛,琛
琠,琠
琡,琡
琢,琢
떧,琢
琤,琤
琥,琥
琦,琦
琨,琨
琩,琩
琪,琪
琫,琫
琬,琬
琭,琭
琮,琮
琯,琯
琰,琰
琱,琱
琲,琲
떵,琲
琳,琳
琴,琴
떷,琴
떸,琴
琵,琵
琶,琶
떭,琷
琸,琸
琹,琹
琺,琺
떳,琼
琿,琿
瑀,瑀
瑁,瑁
떯,瑁
瑃,瑃
瑄,瑄
瑅,瑅
瑆,瑆
떱,瑇
瑇,瑇
瑊,瑊
떹,瑋
瑋,瑋
샂,瑋
瑍,瑍
瑑,瑑
떺,瑑
瑒,瑒
瑓,瑓
瑕,瑕
瑗,瑗
瑙,瑙
瑚,瑚
瑛,瑛
떻,瑛
瑜,瑜
떿,瑜
瑝,瑝
瑞,瑞
瑟,瑟
뗂,瑟
瑠,瑠
뗃,瑢
瑢,瑢
瑣,瑣
뗇,瑣
瑤,瑤
셳,瑥
瑦,瑦
瑧,瑧
瑨,瑨
瑩,瑩
瑪,瑪
瑫,瑫
瑭,瑭
瑮,瑮
뗉,瑮
瑯,瑯
떾,瑯
瑰,瑰
瑱,瑱
瑲,瑲
瑳,瑳
瑶,瑶
瑾,瑾
뗋,瑾
璀,璀
璁,璁
뗈,璂
璃,璃
璄,璄
璅,璅
璆,璆
璇,璇
뗄,璉
璉,璉
뗊,璊
璋,璋
璏,璏
璐,璐
璑,璑
璒,璒
璖,璖
璗,璗
璘,璘
璙,璙
璚,璚
璜,璜
璞,璞
璟,璟
璠,璠
璡,璡
뗎,璡
璢,璢
璣,璣
뗑,璣
璥,璥
璦,璦
璧,璧
璨,璨
璩,璩
뗖,璩
璪,璪
璫,璫
璮,璮
璯,璯
뗕,環
環,環
璱,璱
뗐,璲
璲,璲
璵,璵
璸,璸
璹,璹
璺,璺
璻,璻
璽,璽
璿,璿
셴,瓆
瓈,瓈
瓉,瓉
瓊,瓊
뗚,瓊
뗛,瓊
뗙,瓋
瓋,瓋
瓌,瓌
瓏,瓏
瓐,瓐
瓓,瓓
瓔,瓔
瓖,瓖
瓗,瓗
瓘,瓘
뗜,瓘
瓚,瓚
뗝,瓚
瓛,瓛
뗞,瓜
瓜,瓜
瓞,瓞
瓟,瓟
뗟,瓠
瓠,瓠
뗠,瓠
瓢,瓢
瓣,瓣
瓤,瓤
瓦,瓦
瓧,瓧
瓨,瓨
瓩,瓩
瓪,瓪
瓫,瓫
瓮,瓮
뗣,瓮
뗢,瓯
瓯,瓯
瓰,瓰
뗤,瓰
瓱,瓱
瓲,瓲
瓴,瓴
뗥,瓴
瓶,瓶
瓷,瓷
瓸,瓸
瓺,瓺
瓻,瓻
瓼,瓼
瓿,瓿
甀,甀
甁,甁
뗦,甁
甃,甃
뗧,甄
甄,甄
뗨,甄
뗩,甄
甅,甅
甆,甆
甌,甌
뗭,甌
甍,甍
뗫,甍
뗬,甍
甎,甎
뗪,甎
甑,甑
샃,甑
뗮,甑
甒,甒
甓,甓
甕,甕
뗯,甕
뗰,甕
甖,甖
甗,甗
甘,甘
甚,甚
셵,甛
甜,甜
甞,甞
生,生
甠,甠
甡,甡
產,產
産,産
甤,甤
甥,甥
甦,甦
뗳,甦
甧,甧
룥,甧
用,用
甩,甩
甪,甪
甫,甫
甬,甬
甯,甯
田,田
由,由
甲,甲
申,申
甶,甶
男,男
甸,甸
甹,甹
町,町
画,画
甼,甼
甽,甽
甾,甾
甿,甿
畀,畀
畂,畂
畃,畃
뗶,畃
畄,畄
畆,畆
畇,畇
뗷,畇
畈,畈
畉,畉
畊,畊
畋,畋
界,界
畍,畍
畎,畎
畏,畏
畐,畐
畑,畑
畒,畒
畓,畓
뗸,畔
畔,畔
畗,畗
留,留
畚,畚
畛,畛
畜,畜
畝,畝
畞,畞
畟,畟
畠,畠
畡,畡
畢,畢
畤,畤
略,略
畦,畦
畧,畧
畩,畩
番,番
畫,畫
畬,畬
畭,畭
畯,畯
異,異
畱,畱
畲,畲
畳,畳
畴,畴
畵,畵
當,當
畷,畷
畸,畸
畹,畹
畺,畺
畻,畻
畼,畼
畽,畽
畾,畾
畿,畿
疁,疁
疂,疂
疃,疃
疅,疅
疆,疆
疇,疇
疉,疉
疊,疊
疋,疋
疌,疌
疎,疎
疏,疏
疐,疐
疑,疑
疒,疒
疓,疓
疔,疔
疕,疕
疙,疙
疚,疚
疜,疜
疝,疝
疢,疢
疣,疣
疤,疤
疥,疥
疪,疪
疫,疫
疰,疰
疱,疱
똃,疱
疲,疲
疳,疳
疴,疴
疵,疵
疷,疷
疸,疸
疹,疹
疺,疺
疼,疼
똁,疼
疽,疽
疾,疾
疿,疿
痀,痀
痁,痁
痂,痂
痃,痃
痄,痄
病,病
痆,痆
症,症
痊,痊
똄,痊
痌,痌
痍,痍
痎,痎
痏,痏
痒,痒
痓,痓
痔,痔
痕,痕
痗,痗
痘,痘
痙,痙
痛,痛
痜,痜
痝,痝
痞,痞
痟,痟
痠,痠
痡,痡
痢,痢
痣,痣
痤,痤
痧,痧
痩,痩
痬,痬
痮,痮
痯,痯
痰,痰
痱,痱
痲,痲
痳,痳
痴,痴
痹,痹
痺,痺
痻,痻
똈,痻
痼,痼
痽,痽
痾,痾
痿,痿
똇,瘀
瘀,瘀
瘁,瘁
瘂,瘂
瘃,瘃
瘄,瘄
瘇,瘇
똆,瘈
瘈,瘈
瘉,瘉
똋,瘉
瘊,瘊
瘋,瘋
瘌,瘌
瘍,瘍
瘏,瘏
瘒,瘒
瘓,瘓
瘕,瘕
瘖,瘖
똉,瘖
瘘,瘘
瘙,瘙
瘛,瘛
瘜,瘜
瘝,瘝
瘞,瘞
똌,瘟
瘟,瘟
瘠,瘠
瘡,瘡
瘢,瘢
또,瘢
瘣,瘣
瘤,瘤
瘥,瘥
瘦,瘦
똏,瘦
瘧,瘧
똍,瘧
瘨,瘨
瘩,瘩
瘭,瘭
瘰,瘰
瘲,瘲
瘳,瘳
瘴,瘴
瘵,瘵
瘸,瘸
瘹,瘹
瘺,瘺
瘻,瘻
瘼,瘼
癀,癀
癁,癁
療,療
癃,癃
癄,癄
癅,癅
癆,癆
癇,癇
똒,癇
癈,癈
癉,癉
癊,癊
癋,癋
癌,癌
癎,癎
癐,癐
똔,癐
癒,癒
똓,癒
癕,癕
癖,癖
癘,癘
癙,癙
癜,癜
癟,癟
癡,癡
癢,癢
똖,癢
똗,癢
癤,癤
癥,癥
癧,癧
똕,𭼰
癨,癨
癩,癩
똙,癩
癪,癪
癬,癬
癭,癭
癮,癮
癯,癯
癰,癰
癱,癱
똚,癱
癲,癲
똛,癲
똜,癲
샄,癲
癴,癴
癶,癶
癸,癸
発,発
登,登
發,發
白,白
百,百
皀,皀
皁,皁
皂,皂
똠,皂
똡,皀
皃,皃
的,的
皅,皅
皆,皆
皇,皇
皈,皈
皋,皋
皌,皌
皍,皍
똥,皍
皎,皎
똨,皎
皐,皐
똩,皓
皓,皓
皕,皕
皖,皖
皙,皙
皚,皚
皛,皛
皜,皜
皝,皝
皞,皞
똭,皞
皟,皟
皠,皠
皡,皡
皢,皢
皣,皣
皤,皤
皥,皥
皦,皦
皧,皧
皨,皨
皩,皩
皪,皪
皭,皭
皮,皮
皯,皯
皰,皰
똯,皰
皴,皴
皶,皶
똲,皶
皷,皷
똱,皷
皸,皸
皹,皹
皺,皺
皽,皽
皿,皿
盁,盁
盂,盂
盃,盃
盅,盅
盆,盆
똶,盆
盈,盈
똵,𫞰
盉,盉
益,益
盋,盋
盌,盌
盍,盍
盎,盎
盒,盒
똸,盔
盔,盔
盖,盖
盗,盗
盙,盙
盛,盛
똺,盛
盜,盜
盞,盞
盟,盟
똽,盟
盠,盠
盡,盡
監,監
똿,監
盤,盤
盥,盥
盦,盦
盧,盧
盨,盨
盪,盪
盬,盬
目,目
盰,盰
盱,盱
盲,盲
直,直
뙃,直
盶,盶
相,相
盹,盹
盻,盻
뙆,盻
盼,盼
盾,盾
眀,眀
省,省
眄,眄
뙅,眄
眆,眆
眇,眇
眈,眈
眉,眉
眊,眊
看,看
県,県
眎,眎
眒,眒
眔,眔
眕,眕
眗,眗
眙,眙
眚,眚
眛,眛
眜,眜
眞,眞
뙑,眞
뙒,眞
真,真
뙉,真
뙊,真
眠,眠
眢,眢
眤,眤
眥,眥
眦,眦
眨,眨
眩,眩
眫,眫
뙌,眫
眭,眭
眮,眮
眯,眯
眴,眴
眵,眵
眶,眶
眷,眷
뙓,眷
眸,眸
眹,眹
眺,眺
眻,眻
眼,眼
眽,眽
眾,眾
着,着
睂,睂
睅,睅
睆,睆
睇,睇
睊,睊
睍,睍
睎,睎
睏,睏
睒,睒
睓,睓
睖,睖
睗,睗
睘,睘
睚,睚
睛,睛
뙖,睛
睜,睜
睞,睞
睟,睟
睠,睠
睡,睡
睢,睢
督,督
睤,睤
睥,睥
睦,睦
睧,睧
睨,睨
睪,睪
睫,睫
睬,睬
뙚,睭
睭,睭
睰,睰
睲,睲
睳,睳
睴,睴
睶,睶
睹,睹
뙙,睹
睺,睺
睼,睼
睽,睽
睾,睾
睿,睿
瞀,瞀
瞄,瞄
瞋,瞋
뙞,瞋
瞌,瞌
瞍,瞍
瞎,瞎
뙝,瞎
瞑,瞑
瞔,瞔
瞕,瞕
瞖,瞖
瞚,瞚
瞞,瞞
瞟,瞟
瞠,瞠
瞢,瞢
뙟,瞢
瞤,瞤
뙠,瞥
瞥,瞥
瞧,瞧
瞩,瞩
瞪,瞪
瞬,瞬
뙤,瞬
瞭,瞭
瞮,瞮
瞯,瞯
瞰,瞰
瞱,瞱
瞳,瞳
瞵,瞵
瞶,瞶
瞹,瞹
瞻,瞻
瞼,瞼
瞽,瞽
瞾,瞾
瞿,瞿
矃,矃
矇,矇
뙣,矇
矉,矉
矌,矌
뙧,矌
矍,矍
矑,矑
뙨,矒
矒,矒
矕,矕
矗,矗
뙩,矗
矙,矙
矚,矚
矛,矛
矜,矜
矞,矞
矟,矟
矠,矠
矢,矢
矣,矣
矤,矤
知,知
矦,矦
矧,矧
矩,矩
뙫,矩
矪,矪
矬,矬
短,短
矮,矮
矯,矯
矰,矰
矱,矱
石,石
矴,矴
矵,矵
矸,矸
矹,矹
矻,矻
矼,矼
砂,砂
砅,砅
砆,砆
砉,砉
砋,砋
砌,砌
砍,砍
砎,砎
砑,砑
砒,砒
研,研
砕,砕
砙,砙
砝,砝
砠,砠
砡,砡
砢,砢
砣,砣
砥,砥
砦,砦
砧,砧
砬,砬
砭,砭
砮,砮
砰,砰
뙲,砲
砲,砲
破,破
砵,砵
砷,砷
砺,砺
砿,砿
硃,硃
硄,硄
硅,硅
硇,硇
硈,硈
硋,硋
硌,硌
硎,硎
뙼,硎
硏,硏
뙴,硏
硑,硑
硒,硒
硜,硜
뙶,硝
硝,硝
硞,硞
硠,硠
硡,硡
硣,硣
硤,硤
硨,硨
硪,硪
硫,硫
硬,硬
뙷,硬
确,确
뙸,确
硯,硯
硰,硰
硲,硲
硴,硴
硺,硺
뙽,硺
뙻,硻
硻,硻
뙾,硼
硼,硼
硾,硾
碁,碁
碆,碆
碇,碇
碊,碊
碌,碌
뚁,碌
碍,碍
碎,碎
碏,碏
碑,碑
碒,碒
碓,碓
碔,碔
碕,碕
碗,碗
碘,碘
碚,碚
碝,碝
碞,碞
碟,碟
碡,碡
碣,碣
뚂,碣
碤,碤
뚄,碤
碧,碧
碨,碨
碩,碩
碪,碪
碬,碬
碭,碭
碯,碯
뚀,碰
碰,碰
碱,碱
碲,碲
碳,碳
碵,碵
確,確
碻,碻
碼,碼
碽,碽
碾,碾
碿,碿
磁,磁
磅,磅
磆,磆
磇,磇
磈,磈
磉,磉
磊,磊
磋,磋
磌,磌
뚇,磌
磎,磎
磐,磐
磑,磑
磒,磒
뚃,磓
磓,磓
뚉,磔
磔,磔
뚊,磔
뚋,磔
磕,磕
磖,磖
磚,磚
磛,磛
磟,磟
磠,磠
磡,磡
磤,磤
磦,磦
磧,磧
뚌,磨
磨,磨
磪,磪
磬,磬
磯,磯
샭,磯
磲,磲
磳,磳
磴,磴
磵,磵
磶,磶
뚑,磷
磷,磷
磹,磹
磺,磺
磻,磻
磽,磽
磾,磾
磿,磿
礀,礀
礁,礁
礆,礆
礇,礇
뚒,礇
礌,礌
礎,礎
礐,礐
礑,礑
礒,礒
礙,礙
礚,礚
礛,礛
礜,礜
礞,礞
礟,礟
礠,礠
礥,礥
礦,礦
뚓,礦
礧,礧
礨,礨
礩,礩
礪,礪
礫,礫
礬,礬
礭,礭
礮,礮
뚕,礮
礰,礰
礱,礱
礴,礴
뚔,礴
뚖,礴
礵,礵
礶,礶
礹,礹
示,示
礻,礻
礼,礼
뚚,礽
礽,礽
社,社
뚞,礿
礿,礿
뚜,祀
祀,祀
뚝,祀
뚠,祀
祁,祁
뚟,祁
祄,祄
뚢,祅
祅,祅
뚣,祆
祆,祆
祇,祇
뚫,祇
祈,祈
祉,祉
뚤,祊
祊,祊
뚥,祋
祋,祋
뚦,祌
祌,祌
뚴,祏
祏,祏
祐,祐
祑,祑
뚳,祓
祓,祓
뚬,鿆
뚶,祔
祔,祔
祕,祕
뛀,祕
祖,祖
뚰,祗
祗,祗
뚷,祘
祘,祘
뛉,祘
샮,祘
뚸,祙
뛅,祙
뚲,祚
祚,祚
뚺,祛
祛,祛
뚻,祜
祜,祜
祝,祝
神,神
祟,祟
뚮,祠
祠,祠
샆,祡
祡,祡
祢,祢
뚾,祢
뛇,祢
뛊,祢
뛎,祣
祣,祣
祥,祥
뛐,祧
祧,祧
票,票
祩,祩
뛑,祫
祫,祫
뛒,祬
뛗,祬
祭,祭
뛛,祮
뛪,祱
祱,祱
뛥,祱
뛞,祲
祲,祲
뛠,祳
뛨,祳
뛡,祴
祴,祴
祷,祷
祹,祹
뛮,祺
祺,祺
뛯,祻
祻,祻
뛰,祼
祼,祼
祾,祾
祿,祿
뛲,祿
禀,禀
禁,禁
뛱,禂
禂,禂
禄,禄
뛷,禄
禅,禅
뛹,禊
禊,禊
뛺,禊
뜀,禋
禋,禋
禌,禌
禍,禍
禎,禎
福,福
禑,禑
뜂,禒
뛻,禓
禓,禓
뛼,禔
禔,禔
뜃,禕
샯,禕
禕,禕
뜄,禕
뛽,禖
禖,禖
뛾,禗
禗,禗
뛿,禘
禘,禘
뜅,禚
禚,禚
禛,禛
禜,禜
뜆,禝
禝,禝
뜇,禝
샰,禝
뜉,禠
禠,禠
뜊,禡
禡,禡
禦,禦
뜕,禧
禧,禧
뜘,禨
禨,禨
샲,禨
뜐,禩
禩,禩
샱,禩
禪,禪
뜜,禪
뜗,禫
禫,禫
뜡,禬
禬,禬
뜙,禭
禭,禭
뜣,禮
禮,禮
禯,禯
禰,禰
뜭,禰
뜬,禰
뜩,禱
禱,禱
뜱,禳
禳,禳
뜲,禴
禴,禴
禸,禸
禹,禹
禺,禺
离,离
禽,禽
禾,禾
禿,禿
秀,秀
私,私
秂,秂
秄,秄
秆,秆
秇,秇
秈,秈
秉,秉
秊,秊
秋,秋
秌,秌
种,种
秏,秏
科,科
秒,秒
秔,秔
秕,秕
秖,秖
秘,秘
秙,秙
秚,秚
秝,秝
秞,秞
租,租
秠,秠
秡,秡
秢,秢
秣,秣
秤,秤
뜷,秤
秥,秥
秦,秦
秧,秧
秩,秩
秪,秪
秫,秫
秬,秬
秭,秭
积,积
称,称
秱,秱
秴,秴
秸,秸
移,移
秼,秼
稀,稀
稂,稂
稃,稃
稅,稅
稇,稇
稈,稈
稉,稉
뜿,稉
稊,稊
뜽,程
程,程
稌,稌
稍,稍
띀,稍
税,税
稏,稏
稑,稑
稔,稔
稕,稕
띂,稗
稗,稗
稘,稘
稙,稙
稚,稚
稛,稛
稜,稜
稞,稞
稟,稟
稠,稠
띄,稠
稡,稡
稢,稢
稧,稧
띈,稧
띉,稧
稫,稫
稭,稭
種,種
稯,稯
稰,稰
稱,稱
띆,稱
띇,稱
稲,稲
稴,稴
稵,稵
셷,稶
稷,稷
稸,稸
稹,稹
稺,稺
稻,稻
띏,稻
稼,稼
띍,稼
稽,稽
띒,𥡴
稾,稾
稿,稿
띔,稿
穀,穀
穂,穂
穃,穃
穄,穄
穅,穅
穆,穆
穇,穇
穈,穈
穉,穉
띕,穋
穋,穋
穌,穌
積,積
穎,穎
穏,穏
穐,穐
穕,穕
穖,穖
穗,穗
띝,穗
띠,穗
穙,穙
穚,穚
穜,穜
穝,穝
띗,穟
穟,穟
穠,穠
穡,穡
穢,穢
띢,穢
띤,穢
穣,穣
穤,穤
穥,穥
穧,穧
穩,穩
띣,穩
穪,穪
穫,穫
穭,穭
穰,穰
穴,穴
띪,穴
穵,穵
究,究
穸,穸
穹,穹
空,空
띮,空
穼,穼
穽,穽
穾,穾
띯,穿
穿,穿
띰,穿
띲,穿
窀,窀
突,突
窂,窂
窃,窃
窄,窄
窅,窅
窆,窆
窈,窈
띱,窊
窊,窊
窋,窋
窐,窐
窑,窑
窒,窒
窓,窓
窔,窔
窕,窕
띳,窕
窖,窖
띷,窖
窗,窗
띵,窗
窘,窘
窙,窙
띶,窙
窞,窞
窟,窟
窠,窠
窣,窣
窩,窩
窪,窪
窬,窬
띻,窬
窮,窮
띾,窮
窯,窯
窰,窰
락,窳
窳,窳
窵,窵
窶,窶
窹,窹
窺,窺
窻,窻
란,窻
窼,窼
窾,窾
窿,窿
랂,窿
竃,竃
竄,竄
랄,竄
竅,竅
竆,竆
竇,竇
竈,竈
랆,竈
竉,竉
竊,竊
立,立
竌,竌
竍,竍
竎,竎
竏,竏
竑,竑
竒,竒
竓,竓
竕,竕
랋,竕
竘,竘
站,站
竚,竚
竛,竛
竜,竜
竝,竝
竟,竟
章,章
람,章
竡,竡
竢,竢
竣,竣
竤,竤
童,童
랏,童
竦,竦
竧,竧
竨,竨
竩,竩
竪,竪
竫,竫
랒,竫
竬,竬
竭,竭
랓,竭
端,端
竰,竰
竱,竱
랕,竱
竳,竳
竴,竴
競,競
竸,竸
竹,竹
竺,竺
竻,竻
竽,竽
竾,竾
竿,竿
笁,笁
笂,笂
笄,笄
笆,笆
笇,笇
랡,笈
笈,笈
랞,笈
笊,笊
笋,笋
笏,笏
笑,笑
笒,笒
笔,笔
笘,笘
笙,笙
笛,笛
笞,笞
笟,笟
笠,笠
笣,笣
笥,笥
符,符
笧,笧
笨,笨
笩,笩
笪,笪
笫,笫
第,第
笭,笭
笮,笮
笯,笯
笰,笰
笱,笱
笳,笳
笴,笴
笵,笵
笶,笶
笹,笹
笻,笻
笽,笽
笿,笿
筀,筀
筁,筁
筅,筅
筆,筆
筇,筇
筈,筈
等,等
筋,筋
筌,筌
랧,筌
筍,筍
筎,筎
筏,筏
筐,筐
랥,筑
筑,筑
筒,筒
筓,筓
答,答
筕,筕
策,策
筝,筝
筠,筠
筤,筤
筥,筥
筦,筦
筧,筧
筩,筩
筪,筪
筬,筬
筭,筭
筮,筮
筯,筯
筰,筰
筱,筱
筲,筲
랪,筲
筳,筳
筴,筴
筵,筵
램,筵
랬,筵
筷,筷
筹,筹
筺,筺
筿,筿
箄,箄
箆,箆
箇,箇
箉,箉
箋,箋
箍,箍
箎,箎
箏,箏
랲,箏
箐,箐
랭,箐
箑,箑
箒,箒
랴,箒
箔,箔
箕,箕
箖,箖
算,算
箘,箘
랮,箙
箙,箙
箚,箚
랰,箛
箛,箛
箜,箜
랳,箜
箝,箝
箞,箞
랻,箞
랤,𮅒
랼,箞
랽,箞
箟,箟
箠,箠
략,箠
管,管
箥,箥
箪,箪
箬,箬
랸,箭
箭,箭
箯,箯
箰,箰
箱,箱
箲,箲
箴,箴
箵,箵
箶,箶
箸,箸
랷,箸
箺,箺
箻,箻
箼,箼
箽,箽
節,節
랶,節
篁,篁
篂,篂
範,範
럂,範
럃,範
篅,篅
篆,篆
랾,篆
랹,篇
篇,篇
篈,篈
築,築
篊,篊
篋,篋
篌,篌
篏,篏
篔,篔
篖,篖
篗,篗
篙,篙
篚,篚
篛,篛
럈,篝
篝,篝
샳,篠
篠,篠
篡,篡
篤,篤
篥,篥
篦,篦
篨,篨
篩,篩
篪,篪
篭,篭
篰,篰
篲,篲
篳,篳
럆,篴
篴,篴
篵,篵
篶,篶
럄,篷
篷,篷
럅,篷
篸,篸
篹,篹
篺,篺
篼,篼
篾,篾
簀,簀
簁,簁
簂,簂
簃,簃
簄,簄
簆,簆
簇,簇
럇,簉
簉,簉
럒,簉
簋,簋
簌,簌
簍,簍
簎,簎
簏,簏
簑,簑
簒,簒
簓,簓
럐,簓
럑,簓
簔,簔
簗,簗
럔,簘
簙,簙
簛,簛
簜,簜
簝,簝
簞,簞
럚,簟
簟,簟
簠,簠
簡,簡
簣,簣
簥,簥
簦,簦
簧,簧
럓,簧
簨,簨
럘,簪
簪,簪
럠,簪
簫,簫
簬,簬
簱,簱
簳,簳
簴,簴
럖,簶
簶,簶
簷,簷
簸,簸
簹,簹
簺,簺
럗,簻
簻,簻
簽,簽
럜,簾
簾,簾
럝,簾
簿,簿
籀,籀
籃,籃
籅,籅
籆,籆
籊,籊
籌,籌
럞,籍
籍,籍
籏,籏
럡,籐
籐,籐
럢,籐
籑,籑
籒,籒
籓,籓
籔,籔
籕,籕
籖,籖
籗,籗
럧,籘
籘,籘
럨,籘
籙,籙
籚,籚
籛,籛
籜,籜
럦,籜
籝,籝
籞,籞
籟,籟
럩,籟
籠,籠
럪,籠
럫,籠
籡,籡
籣,籣
籤,籤
籥,籥
럥,籧
籧,籧
럭,籩
럮,籩
籩,籩
籫,籫
籬,籬
籭,籭
籮,籮
籯,籯
籰,籰
籲,籲
米,米
籵,籵
籹,籹
籼,籼
籽,籽
럲,籾
럱,籾
籾,籾
粁,粁
粂,粂
런,粂
粃,粃
粆,粆
粇,粇
粉,粉
럴,粉
粋,粋
粍,粍
粏,粏
粐,粐
럳,粐
粒,粒
粓,粓
粔,粔
럵,粔
粕,粕
粗,粗
粘,粘
粙,粙
粛,粛
粞,粞
粟,粟
粠,粠
粡,粡
粢,粢
粤,粤
粥,粥
뤊,粦
粦,粦
粧,粧
粨,粨
粫,粫
粭,粭
粮,粮
럹,粮
粰,粰
粱,粱
粲,粲
粳,粳
럺,粳
粶,粶
粷,粷
粹,粹
粺,粺
粻,粻
粼,粼
粽,粽
精,精
粿,粿
糀,糀
럻,糀
糂,糂
糄,糄
糅,糅
糇,糇
糈,糈
糉,糉
糊,糊
糍,糍
糎,糎
糏,糏
糒,糒
糓,糓
糔,糔
糕,糕
럾,糖
糖,糖
糗,糗
糘,糘
럿,糘
럽,糙
糙,糙
糚,糚
糜,糜
렃,糜
糝,糝
糞,糞
糟,糟
糠,糠
糢,糢
糦,糦
糧,糧
糩,糩
糪,糪
糫,糫
糯,糯
糲,糲
糴,糴
렄,糴
糵,糵
糶,糶
렅,糶
糸,糸
糺,糺
系,系
糼,糼
糾,糾
紀,紀
렇,紀
렆,紀
레,紀
紂,紂
紃,紃
約,約
紅,紅
紆,紆
紇,紇
紈,紈
렉,紈
紉,紉
紊,紊
렒,紊
紋,紋
렊,紋
렋,納
納,納
렌,納
紏,紏
紐,紐
紑,紑
紒,紒
紓,紓
純,純
렑,純
紕,紕
紖,紖
紗,紗
紘,紘
紙,紙
級,級
렍,級
紛,紛
렎,紛
紜,紜
紝,紝
紞,紞
素,素
紡,紡
索,索
紣,紣
紦,紦
紪,紪
紫,紫
紬,紬
紭,紭
紮,紮
累,累
細,細
紱,紱
紲,紲
紳,紳
紵,紵
紷,紷
紹,紹
紺,紺
紼,紼
紽,紽
紾,紾
紿,紿
絀,絀
絁,絁
렓,終
終,終
絃,絃
組,組
絅,絅
絆,絆
렕,絆
絇,絇
絈,絈
絋,絋
経,経
絍,絍
絎,絎
絏,絏
結,結
絑,絑
絓,絓
絔,絔
絕,絕
絖,絖
絗,絗
絘,絘
絙,絙
絚,絚
絛,絛
렗,絜
絜,絜
렘,絜
絝,絝
絞,絞
렚,絞
絡,絡
絢,絢
絣,絣
絥,絥
給,給
絧,絧
絨,絨
絪,絪
絮,絮
絰,絰
統,統
絲,絲
絳,絳
렩,絳
렪,絳
絵,絵
絶,絶
絸,絸
렛,絹
絹,絹
絺,絺
絻,絻
絽,絽
絿,絿
綁,綁
렡,綁
綂,綂
綃,綃
綄,綄
綅,綅
綆,綆
력,綆
렦,綆
綈,綈
綉,綉
綋,綋
綌,綌
綍,綍
셻,綎
綏,綏
렫,綏
綑,綑
經,經
렧,經
綖,綖
綗,綗
継,継
続,続
렢,綛
綛,綛
려,綛
綜,綜
綝,綝
綞,綞
綟,綟
렰,綟
綠,綠
렸,綠
綡,綡
綢,綢
렵,綢
綣,綣
롅,綣
綦,綦
綧,綧
綪,綪
렮,綪
綫,綫
綬,綬
維,維
렯,綮
綮,綮
綯,綯
綰,綰
綱,綱
網,網
綳,綳
綴,綴
綵,綵
렲,綵
綶,綶
綷,綷
綸,綸
綹,綹
綺,綺
綻,綻
綽,綽
綾,綾
綿,綿
緀,緀
緂,緂
緃,緃
緄,緄
緅,緅
緆,緆
緇,緇
緈,緈
緊,緊
緋,緋
렴,緋
緌,緌
緍,緍
緎,緎
総,総
렱,総
緑,緑
緒,緒
緕,緕
緖,緖
緗,緗
緘,緘
緙,緙
線,線
緜,緜
緝,緝
롄,緝
緞,緞
締,締
렼,締
緡,緡
緢,緢
緣,緣
렽,緣
緤,緤
緥,緥
緦,緦
렿,編
編,編
례,緩
緩,緩
緪,緪
緫,緫
緬,緬
緭,緭
緯,緯
롍,緯
롂,緰
롁,緰
緱,緱
緲,緲
練,練
緵,緵
緶,緶
緹,緹
緺,緺
緻,緻
緼,緼
縀,縀
縁,縁
렾,縁
縄,縄
縅,縅
縈,縈
縉,縉
縊,縊
롎,縊
롐,縊
령,縋
縋,縋
렺,縌
縌,縌
縐,縐
縑,縑
縒,縒
縕,縕
縗,縗
롉,縛
縛,縛
縜,縜
縝,縝
롌,縝
縞,縞
縟,縟
롏,縟
縠,縠
縡,縡
롊,縢
縢,縢
롋,縢
縣,縣
縦,縦
縧,縧
縨,縨
縫,縫
롓,縫
縬,縬
새,縬
縭,縭
縮,縮
縯,縯
縱,縱
縲,縲
縳,縳
縵,縵
롘,縵
縶,縶
롑,縶
縷,縷
縹,縹
롈,縺
縺,縺
縻,縻
롒,縻
總,總
롖,總
績,績
縿,縿
繁,繁
롔,繃
繃,繃
繄,繄
繅,繅
繆,繆
롙,繆
繇,繇
繈,繈
繊,繊
繋,繋
繍,繍
繎,繎
繐,繐
繒,繒
롕,繒
織,織
롟,織
繕,繕
繖,繖
繘,繘
繙,繙
繚,繚
繝,繝
繞,繞
繟,繟
繡,繡
繢,繢
繥,繥
繦,繦
繧,繧
롞,繨
繨,繨
롦,繩
繩,繩
繪,繪
론,繪
繫,繫
繭,繭
명,繭
繮,繮
繯,繯
繰,繰
繳,繳
繵,繵
록,繸
繸,繸
繹,繹
롥,繹
繻,繻
繼,繼
繽,繽
롩,繽
롪,繽
롤,繾
繾,繾
繿,繿
纁,纁
纂,纂
纃,纃
纆,纆
纇,纇
纈,纈
纉,纉
纊,纊
롧,纊
續,續
纍,纍
纎,纎
纏,纏
纐,纐
纑,纑
纒,纒
롭,纒
纓,纓
纔,纔
纕,纕
纖,纖
纘,纘
纚,纚
纛,纛
纜,纜
纝,纝
纞,纞
缶,缶
缸,缸
缺,缺
缻,缻
缼,缼
缽,缽
缾,缾
缿,缿
罃,罃
罄,罄
罅,罅
罇,罇
罌,罌
罍,罍
罎,罎
罏,罏
罐,罐
롱,罐
网,网
罒,罒
罓,罓
罔,罔
롳,罔
罕,罕
罘,罘
罛,罛
罜,罜
罝,罝
罟,罟
罠,罠
罡,罡
罣,罣
罤,罤
罥,罥
罦,罦
罧,罧
罨,罨
罩,罩
罪,罪
롶,罪
罫,罫
罭,罭
置,置
罰,罰
罱,罱
署,署
罳,罳
罵,罵
罶,罶
罷,罷
罸,罸
罹,罹
罽,罽
罾,罾
罿,罿
羀,羀
羂,羂
羃,羃
羅,羅
羆,羆
羇,羇
羈,羈
羊,羊
羋,羋
羌,羌
羍,羍
美,美
羏,羏
롺,羏
羐,羐
羑,羑
羔,羔
羖,羖
羗,羗
羙,羙
羚,羚
羜,羜
羝,羝
羞,羞
羡,羡
롾,羡
롿,羡
羢,羢
羣,羣
群,群
羦,羦
羨,羨
義,義
羪,羪
羭,羭
뢄,羭
羮,羮
뢃,羮
羯,羯
뢁,羯
뢅,羯
羲,羲
羴,羴
羶,羶
羸,羸
뢇,羸
羹,羹
羻,羻
羼,羼
羽,羽
羿,羿
翀,翀
뢈,翁
翁,翁
뢉,翁
翃,翃
翅,翅
뢋,翅
翆,翆
뢌,翆
翈,翈
翊,翊
뢏,翊
뢍,翌
翌,翌
翎,翎
翏,翏
뢎,習
習,習
뢓,翔
翔,翔
翕,翕
뢒,翕
翖,翖
翛,翛
翟,翟
뢕,翠
翠,翠
翡,翡
뢖,翡
뢗,翡
翣,翣
翥,翥
翦,翦
뢘,翦
뢙,翦
翨,翨
뢜,翩
翩,翩
뢝,翩
뢛,翫
翫,翫
뢚,翫
翬,翬
翮,翮
翯,翯
뢞,翰
翰,翰
뢢,翰
翲,翲
翳,翳
뢡,翳
翹,翹
뢣,翹
翺,翺
翻,翻
翼,翼
뢟,翼
뢠,翼
翽,翽
翾,翾
翿,翿
뢤,耀
耀,耀
老,老
耂,耂
考,考
뢦,考
耄,耄
者,者
耆,耆
耇,耇
耈,耈
耊,耊
耋,耋
而,而
耍,耍
耎,耎
耏,耏
耐,耐
耑,耑
뢩,耒
耒,耒
耓,耓
耔,耔
뢪,耕
耕,耕
耖,耖
耗,耗
耘,耘
뢫,耘
耙,耙
뢬,耙
耜,耜
뢭,耜
뢮,耜
耝,耝
耞,耞
耟,耟
耠,耠
耡,耡
뢰,耡
耤,耤
耦,耦
耨,耨
뢱,耨
뢲,耨
耬,耬
셽,耭
耮,耮
耰,耰
耳,耳
耴,耴
耵,耵
耶,耶
붎,耶
耷,耷
耹,耹
耺,耺
耻,耻
耼,耼
耽,耽
耾,耾
耿,耿
聀,聀
聃,聃
聄,聄
聆,聆
聈,聈
聊,聊
聒,聒
뢶,联
샋,聖
聖,聖
뢷,聖
聘,聘
聚,聚
聞,聞
聟,聟
뢹,聟
聠,聠
聡,聡
聢,聢
聤,聤
聦,聦
聨,聨
聭,聭
聯,聯
聰,聰
뢾,聰
뢿,聰
聱,聱
聲,聲
뢽,聲
聳,聳
뢼,聳
聴,聴
룀,聴
聵,聵
聶,聶
룁,聶
職,職
룂,職
룃,職
聹,聹
룅,聹
聻,聻
聽,聽
聾,聾
룆,聾
聿,聿
肁,肁
肄,肄
肅,肅
肆,肆
룉,肇
肇,肇
肈,肈
肉,肉
肋,肋
肌,肌
肎,肎
肓,肓
룋,肓
룊,肖
肖,肖
肘,肘
肙,肙
肚,肚
肛,肛
肜,肜
肝,肝
肞,肞
닝,肞
股,股
肢,肢
肤,肤
肥,肥
肦,肦
肧,肧
肩,肩
료,肩
肪,肪
肫,肫
肬,肬
肭,肭
닠,肭
肮,肮
肯,肯
肱,肱
育,育
肴,肴
肸,肸
肹,肹
肺,肺
胃,胃
胄,胄
胅,胅
胆,胆
胈,胈
胊,胊
背,背
胍,胍
胎,胎
胏,胏
胒,胒
胔,胔
胕,胕
胖,胖
룎,胖
胗,胗
胘,胘
胙,胙
胚,胚
胛,胛
胝,胝
룍,胞
胞,胞
胠,胠
胡,胡
胤,胤
胥,胥
胦,胦
胭,胭
胮,胮
胯,胯
胰,胰
胱,胱
胲,胲
胳,胳
胴,胴
胵,胵
胶,胶
胷,胷
胸,胸
胹,胹
胺,胺
胻,胻
胼,胼
能,能
胾,胾
脂,脂
脃,脃
脅,脅
脆,脆
닡,脆
脇,脇
룑,脈
脈,脈
룒,脈
脉,脉
脊,脊
脋,脋
脍,脍
脖,脖
脗,脗
脘,脘
脚,脚
脛,脛
脜,脜
脞,脞
脠,脠
脢,脢
脣,脣
脤,脤
脧,脧
脩,脩
脫,脫
脬,脬
脯,脯
脰,脰
脱,脱
脳,脳
脵,脵
脹,脹
脺,脺
脼,脼
脽,脽
脾,脾
腁,腁
腄,腄
腅,腅
腆,腆
腇,腇
닪,腈
腊,腊
腋,腋
腌,腌
腎,腎
腐,腐
腑,腑
腒,腒
腓,腓
룝,腓
腔,腔
닫,腔
腕,腕
腗,腗
腟,腟
腠,腠
룡,腠
腡,腡
腥,腥
腦,腦
腧,腧
腨,腨
腩,腩
腫,腫
腭,腭
腮,腮
腯,腯
腰,腰
룢,腰
腱,腱
룠,腱
腳,腳
腴,腴
룜,腴
腷,腷
腸,腸
腹,腹
腺,腺
腽,腽
腿,腿
룦,腿
膀,膀
膁,膁
膂,膂
膃,膃
膄,膄
룘,膄
룣,膄
膅,膅
膆,膆
룟,膇
膇,膇
膈,膈
룩,膊
膊,膊
膋,膋
膎,膎
膏,膏
膐,膐
膓,膓
膕,膕
膖,膖
膘,膘
膚,膚
膛,膛
膜,膜
膝,膝
膞,膞
룲,膞
膠,膠
룭,膠
膢,膢
膣,膣
膤,膤
룮,膤
膧,膧
膨,膨
膩,膩
膫,膫
膮,膮
膰,膰
膲,膲
膳,膳
膴,膴
膵,膵
룬,膵
룱,膸
膸,膸
膺,膺
膻,膻
膽,膽
膾,膾
膿,膿
臀,臀
臁,臁
臂,臂
臃,臃
臅,臅
臆,臆
臈,臈
룯,臈
臉,臉
臊,臊
臋,臋
臍,臍
臎,臎
臏,臏
臑,臑
臓,臓
臕,臕
臖,臖
臗,臗
臘,臘
臙,臙
臚,臚
臛,臛
臝,臝
臞,臞
臟,臟
臠,臠
臡,臡
臣,臣
臤,臤
臥,臥
臧,臧
룷,臧
臨,臨
自,自
臫,臫
臬,臬
臭,臭
臯,臯
臰,臰
臱,臱
臲,臲
至,至
致,致
臵,臵
臶,臶
臸,臸
臹,臹
룹,臹
臺,臺
臻,臻
臼,臼
臽,臽
룼,臾
臾,臾
臿,臿
舀,舀
舁,舁
舂,舂
舃,舃
舄,舄
舅,舅
룾,𫟋
與,與
興,興
舉,舉
舊,舊
舌,舌
舍,舍
舎,舎
舏,舏
舐,舐
舑,舑
舒,舒
뤇,舘
舓,舓
舔,舔
舖,舖
舗,舗
舘,舘
舙,舙
舚,舚
舛,舛
뤉,舛
뤈,舛
꾻,舛
뤋,舜
舜,舜
뤌,舝
舝,舝
舞,舞
舟,舟
舡,舡
舢,舢
舨,舨
舩,舩
뤏,舩
航,航
舫,舫
般,般
舮,舮
뤍,舮
舲,舲
舳,舳
舴,舴
舵,舵
舶,舶
舷,舷
舸,舸
뤎,舸
船,船
뤐,船
뤑,船
舺,舺
舼,舼
艀,艀
뤓,艀
艃,艃
艄,艄
艅,艅
艆,艆
艇,艇
뤒,艇
艉,艉
艋,艋
艎,艎
艏,艏
艑,艑
艖,艖
艗,艗
뤗,艗
뤔,艘
艘,艘
뤖,艘
艙,艙
艚,艚
艜,艜
艝,艝
뤙,艝
艟,艟
艠,艠
艢,艢
艣,艣
艤,艤
艥,艥
샌,艥
艦,艦
艧,艧
艨,艨
뤜,艨
艪,艪
艫,艫
艭,艭
艮,艮
뤝,艮
良,良
艱,艱
뤞,艱
色,色
艴,艴
艶,艶
艷,艷
艸,艸
艹,艹
艻,艻
艽,艽
艾,艾
뤟,艾
艿,艿
뤠,艿
芀,芀
芁,芁
芃,芃
뤧,芃
芄,芄
芇,芇
芉,芉
芊,芊
뤦,芊
芋,芋
芍,芍
뤢,芍
芎,芎
뤥,芎
芑,芑
뤣,𦬊
芒,芒
뤡,芒
芓,芓
芔,芔
깫,芔
芖,芖
뤤,芖
芘,芘
芙,芙
륀,芙
芚,芚
芛,芛
芝,芝
뤻,芝
芟,芟
뤶,芠
芠,芠
芡,芡
芣,芣
륁,芣
芤,芤
芥,芥
芦,芦
뤪,芦
뤬,芦
뤫,芦
뤮,芦
뤭,芦
뤯,芦
芧,芧
뤿,芧
뤹,芨
芨,芨
芩,芩
뤺,芩
芪,芪
芫,芫
芬,芬
뤱,芬
芭,芭
뤾,芮
芮,芮
뤽,芮
芯,芯
뤸,芰
芰,芰
花,花
뤳,花
뤷,花
芲,芲
芳,芳
륂,芳
芴,芴
芷,芷
뤼,芷
芸,芸
뤵,芸
芹,芹
芺,芺
芻,芻
芼,芼
륃,芼
芽,芽
륑,芽
芾,芾
芿,芿
苅,苅
뤴,苅
苆,苆
륄,苆
苐,苐
苑,苑
륕,苑
苒,苒
륋,苒
苓,苓
苔,苔
苕,苕
苖,苖
苗,苗
륛,苗
苙,苙
苚,苚
苛,苛
苜,苜
苞,苞
륓,苞
苟,苟
苠,苠
苡,苡
苢,苢
苣,苣
륍,苣
苤,苤
若,若
륆,𠰥
륈,若
륉,若
苦,苦
苧,苧
륔,苧
苨,苨
苪,苪
苫,苫
苭,苭
苯,苯
英,英
륏,英
륎,英
륐,英
苳,苳
륌,苳
苴,苴
苶,苶
苷,苷
苹,苹
륒,苹
苺,苺
苻,苻
苽,苽
苾,苾
륚,苾
茀,茀
륜,茀
茁,茁
륗,茁
茂,茂
륝,茂
륞,茂
范,范
茄,茄
茅,茅
茆,茆
륙,茇
茇,茇
류,茈
茈,茈
茉,茉
茊,茊
茋,茋
茌,茌
茎,茎
茖,茖
茗,茗
茘,茘
茙,茙
茛,茛
륷,茛
茜,茜
茝,茝
茞,茞
茟,茟
茡,茡
茢,茢
릃,茢
茣,茣
릍,茣
茦,茦
茧,茧
茨,茨
륥,茨
茫,茫
륲,茫
茬,茬
륵,茬
륽,茭
茭,茭
茮,茮
茯,茯
륨,茰
륧,茰
茰,茰
륩,茰
茱,茱
茲,茲
茳,茳
茴,茴
茵,茵
茶,茶
릀,茶
茷,茷
茸,茸
륰,茸
茹,茹
茺,茺
茼,茼
茽,茽
荀,荀
荂,荂
荃,荃
륮,荃
륯,荃
荄,荄
荅,荅
荆,荆
긦,荆
荇,荇
를,荇
草,草
륿,草
荊,荊
륻,荊
릫,荊
荍,荍
荎,荎
荏,荏
륾,荏
荐,荐
荑,荑
릁,荑
荒,荒
륤,荒
荓,荓
荔,荔
릂,荔
荕,荕
른,荕
荖,荖
荗,荗
륫,𦮠
荘,荘
륪,荢
륹,荢
荢,荢
荣,荣
荰,荰
荳,荳
荵,荵
릋,荵
릌,荵
荷,荷
荸,荸
荻,荻
릜,荻
릝,荻
荼,荼
荽,荽
릒,荿
륭,荿
荿,荿
륬,荿
莀,莀
莂,莂
莄,莄
莅,莅
莆,莆
莇,莇
莉,莉
릞,莊
莊,莊
莍,莍
莎,莎
莑,莑
莒,莒
릠,莒
莓,莓
륱,莓
莔,莔
莕,莕
莖,莖
릙,莖
莘,莘
릢,莘
莙,莙
莚,莚
림,莚
莛,莛
릏,莛
莜,莜
莝,莝
릡,莝
莞,莞
릤,莞
莟,莟
릛,莟
莠,莠
莢,莢
莤,莤
莦,莦
莧,莧
릟,莧
莨,莨
莩,莩
릣,莩
莪,莪
莫,莫
莬,莬
莭,莭
릔,莭
莱,莱
莵,莵
莽,莽
릓,莽
릯,莽
莾,莾
莿,莿
마,莿
菀,菀
菁,菁
릥,菁
릧,菁
릦,菁
菅,菅
맄,菅
菆,菆
말,菆
菇,菇
맏,菇
菉,菉
菊,菊
많,菊
菌,菌
菎,菎
菏,菏
菐,菐
菑,菑
菒,菒
菓,菓
菔,菔
菖,菖
菘,菘
립,菘
菜,菜
린,菜
菝,菝
菟,菟
릳,菟
매,菟
릲,菟
릴,菟
릵,𫟏
맠,菟
맡,菟
菠,菠
菡,菡
만,菡
菥,菥
菨,菨
菩,菩
菪,菪
맊,菪
菫,菫
華,華
릱,華
菰,菰
맅,菰
菱,菱
맆,菱
맇,菱
菲,菲
릻,菲
菳,菳
菴,菴
샶,菴
菶,菶
菷,菷
릾,菷
菸,菸
菹,菹
菻,菻
菼,菼
菽,菽
萁,萁
맍,萁
萃,萃
릖,萃
萄,萄
늤,萅
萆,萆
萇,萇
萊,萊
萋,萋
릕,萋
萌,萌
萍,萍
릺,萍
萎,萎
萏,萏
萑,萑
맑,萑
萓,萓
릩,萓
릪,萓
萕,萕
萗,萗
萙,萙
萞,萞
막,萞
萠,萠
릨,萠
萢,萢
릶,萢
萩,萩
맹,萩
萪,萪
萫,萫
萬,萬
맥,萬
萯,萯
萱,萱
맭,萱
萵,萵
萸,萸
萹,萹
萻,萻
萼,萼
맬,萼
落,落
葁,葁
맴,葁
葅,葅
葆,葆
葇,葇
葈,葈
葉,葉
맚,葉
맛,葉
葊,葊
맰,葊
葍,葍
葎,葎
葏,葏
맲,葏
葑,葑
葒,葒
葖,葖
著,著
葘,葘
葙,葙
葚,葚
葛,葛
맕,葛
맖,葛
샷,葛
맗,葛
맘,葛
맒,葜
葜,葜
葟,葟
맳,葟
葠,葠
葡,葡
葢,葢
董,董
맯,董
葤,葤
葥,葥
葦,葦
맣,葦
먈,葦
먉,葦
葧,葧
葩,葩
葪,葪
葫,葫
葬,葬
葭,葭
맫,葭
葮,葮
葯,葯
葰,葰
葱,葱
葳,葳
맶,葳
葴,葴
葵,葵
맷,葵
葶,葶
葷,葷
葸,葸
맸,葸
葹,葹
葺,葺
맢,葺
葻,葻
葼,葼
葽,葽
맵,葽
벡,蒁
蒁,蒁
맮,蒁
蒂,蒂
蒄,蒄
맱,蒄
蒅,蒅
먎,蒅
蒋,蒋
먇,蒋
蒐,蒐
蒒,蒒
蒓,蒓
蒔,蒔
蒕,蒕
蒗,蒗
蒙,蒙
먄,蒙
뮷,蒙
맔,蒜
蒜,蒜
먓,蒜
蒞,蒞
먗,蒞
蒟,蒟
蒡,蒡
蒦,蒦
먕,蒦
먖,蒦
蒨,蒨
맼,蒨
맽,蒨
蒩,蒩
蒪,蒪
蒭,蒭
蒯,蒯
蒱,蒱
蒲,蒲
먔,蒲
蒴,蒴
蒸,蒸
蒹,蒹
먌,蒹
蒺,蒺
蒻,蒻
먍,蒻
蒼,蒼
蒽,蒽
蒾,蒾
蒿,蒿
蓀,蓀
먚,蓀
蓁,蓁
蓂,蓂
먛,蓂
蓄,蓄
蓅,蓅
蓆,蓆
蓇,蓇
蓈,蓈
蓉,蓉
蓊,蓊
먊,蓊
먋,蓊
蓋,蓋
蓌,蓌
蓍,蓍
蓎,蓎
蓏,蓏
먜,蓏
蓐,蓐
蓑,蓑
먒,蓑
蓓,蓓
蓖,蓖
蓙,蓙
먆,蓙
蓚,蓚
먙,蓜
蓜,蓜
맨,蓜
蓞,蓞
먳,蓧
蓧,蓧
蓪,蓪
맿,蓫
蓫,蓫
蓬,蓬
볰,蓬
먝,蓬
봑,蓬
먭,蓭
蓮,蓮
볽,蓮
먠,蓮
봐,蓮
蓯,蓯
먲,蓰
蓰,蓰
蓱,蓱
蓲,蓲
蓴,蓴
먨,蓴
蓷,蓷
먴,蓷
蓺,蓺
蓻,蓻
蓼,蓼
먫,蓼
蓽,蓽
蓿,蓿
蔀,蔀
蔂,蔂
蔃,蔃
蔆,蔆
蔇,蔇
먰,蔇
蔌,蔌
蔎,蔎
蔐,蔐
蔑,蔑
먟,蔑
蔒,蔒
蔓,蔓
먦,蔓
먧,蔓
蔔,蔔
蔕,蔕
蔗,蔗
먣,蔗
먢,蔗
蔘,蔘
蔚,蔚
蔛,蔛
蔜,蔜
蔞,蔞
먶,蔞
蔟,蔟
蔡,蔡
蔢,蔢
蔣,蔣
먤,蔣
蔤,蔤
蔥,蔥
먩,蔥
蔦,蔦
먵,蔦
蔧,蔧
蔪,蔪
먱,蔪
蔫,蔫
蔬,蔬
蔭,蔭
먮,蔭
蔯,蔯
蔲,蔲
蔳,蔳
먡,蔳
蔴,蔴
蔵,蔵
蔶,蔶
蔽,蔽
먞,蔽
蔾,蔾
섆,蔾
蔿,蔿
蕀,蕀
蕁,蕁
멄,蕁
蕃,蕃
멐,蕃
蕆,蕆
蕈,蕈
蕉,蕉
蕊,蕊
蕋,蕋
蕎,蕎
蕏,蕏
蕐,蕐
蕑,蕑
멌,蕑
蕒,蕒
蕓,蕓
멉,蕓
蕕,蕕
멅,蕕
멆,蕕
蕖,蕖
먾,蕖
먿,蕖
蕗,蕗
蕘,蕘
蕙,蕙
멎,蕙
먅,蕙
먪,蕙
蕚,蕚
蕜,蕜
蕝,蕝
蕞,蕞
蕟,蕟
蕠,蕠
蕡,蕡
蕢,蕢
멍,蕢
蕣,蕣
멖,蕣
멗,蕣
멘,蕣
蕤,蕤
멏,蕤
蕨,蕨
멈,蕨
蕩,蕩
蕪,蕪
蕫,蕫
멑,蕫
蕬,蕬
蕭,蕭
蕯,蕯
蕰,蕰
蕳,蕳
멋,蕳
蕷,蕷
먹,蕸
蕸,蕸
멧,蕸
蕹,蕹
蕺,蕺
蕻,蕻
蕽,蕽
蕾,蕾
蕿,蕿
薀,薀
薁,薁
샎,薁
薄,薄
멒,薄
薅,薅
薆,薆
멫,薆
멃,薇
薇,薇
멜,薇
멝,薇
薈,薈
薉,薉
먽,薊
薊,薊
멨,薊
薋,薋
薌,薌
멚,薌
멛,薌
멙,薌
薏,薏
멭,薏
薐,薐
薑,薑
薓,薓
薔,薔
멥,薕
薕,薕
먻,薖
薖,薖
薗,薗
멦,薗
먼,薘
薘,薘
멪,薘
薙,薙
薛,薛
薜,薜
薝,薝
멮,薝
薟,薟
薠,薠
薢,薢
薤,薤
薥,薥
薦,薦
薧,薧
薨,薨
薩,薩
며,薩
멱,薩
薪,薪
薫,薫
멣,薫
멤,薫
薬,薬
薭,薭
멯,薭
薮,薮
薯,薯
멲,薯
薰,薰
멾,薰
멓,薳
薳,薳
薴,薴
薵,薵
薶,薶
薷,薷
薸,薸
薹,薹
薺,薺
薼,薼
薽,薽
薾,薾
薿,薿
멿,薿
藁,藁
멽,藁
藂,藂
藇,藇
藉,藉
멻,藉
藊,藊
藋,藋
샸,藍
藍,藍
몂,藍
藎,藎
藏,藏
멵,藏
멶,藏
藐,藐
藕,藕
몁,藕
藘,藘
몔,藘
藙,藙
藚,藚
몍,藚
藜,藜
몕,藜
藝,藝
藟,藟
藠,藠
멳,藡
藡,藡
몒,藡
藤,藤
몏,藤
몃,藤
몄,藤
藥,藥
몓,藥
藦,藦
藨,藨
藩,藩
藪,藪
몑,藪
藭,藭
藳,藳
藴,藴
藶,藶
藷,藷
몖,藷
藹,藹
몜,藹
몌,藹
藺,藺
藻,藻
藼,藼
藾,藾
몘,藾
藿,藿
몠,藿
蘀,蘀
蘂,蘂
몝,蘂
蘄,蘄
蘅,蘅
蘆,蘆
몟,蘆
蘇,蘇
몞,蘇
蘊,蘊
蘋,蘋
몥,蘋
蘍,蘍
몊,𬟓
몢,𬟓
蘎,蘎
蘐,蘐
蘑,蘑
蘒,蘒
몡,蘒
蘓,蘓
몇,𧁨
蘖,蘖
蘗,蘗
蘘,蘘
몤,蘘
蘙,蘙
蘚,蘚
蘛,蘛
蘞,蘞
목,蘞
蘡,蘡
蘢,蘢
蘤,蘤
몗,蘧
蘧,蘧
몧,蘧
蘩,蘩
몙,蘩
蘭,蘭
몣,蘭
蘯,蘯
蘰,蘰
蘶,蘶
몪,蘶
蘸,蘸
蘹,蘹
蘺,蘺
蘼,蘼
蘽,蘽
몫,蘽
蘿,蘿
虀,虀
꾰,虁
虁,虁
虂,虂
虆,虆
虍,虍
虎,虎
몰,虐
虐,虐
虒,虒
虓,虓
몴,虓
虔,虔
몳,虔
處,處
虖,虖
虗,虗
虘,虘
虙,虙
虚,虚
虛,虛
虜,虜
虝,虝
몶,虞
虞,虞
號,號
虠,虠
虡,虡
虢,虢
虣,虣
虤,虤
虧,虧
虩,虩
虫,虫
虬,虬
虯,虯
虱,虱
虵,虵
虶,虶
虷,虷
虹,虹
虺,虺
虻,虻
몺,虻
蚇,蚇
蚈,蚈
蚉,蚉
몼,蚉
蚊,蚊
몽,蚊
蚋,蚋
뫁,蚋
蚌,蚌
몿,蚌
蚍,蚍
蚑,蚑
蚓,蚓
蚕,蚕
蚖,蚖
蚘,蚘
蚚,蚚
蚜,蚜
蚝,蚝
蚡,蚡
蚣,蚣
뫀,蚣
蚤,蚤
蚦,蚦
蚧,蚧
蚨,蚨
蚩,蚩
蚪,蚪
蚫,蚫
뫃,蚫
蚭,蚭
蚯,蚯
蚰,蚰
蚱,蚱
蚳,蚳
蚴,蚴
蚵,蚵
蚶,蚶
蚷,蚷
蚸,蚸
蚹,蚹
蚿,蚿
蛀,蛀
蛁,蛁
蛃,蛃
蛄,蛄
蛅,蛅
蛆,蛆
蛇,蛇
蛉,蛉
蛋,蛋
蛍,蛍
蛎,蛎
蛑,蛑
蛒,蛒
뫆,蛓
蛔,蛔
蛕,蛕
蛗,蛗
蛙,蛙
蛚,蛚
蛛,蛛
蛜,蛜
蛞,蛞
蛟,蛟
뫅,蛟
蛠,蛠
蛣,蛣
蛤,蛤
蛥,蛥
蛦,蛦
蛧,蛧
蛩,蛩
뫄,蛩
蛬,蛬
蛭,蛭
蛮,蛮
蛯,蛯
뫊,蛸
蛸,蛸
蛹,蛹
蛺,蛺
蛻,蛻
뫏,蛻
蛼,蛼
蛽,蛽
蛾,蛾
蜀,蜀
蜂,蜂
蜃,蜃
뫈,蜃
蜄,蜄
蜅,蜅
蜆,蜆
蜇,蜇
蜈,蜈
뫌,蜈
蜉,蜉
뫍,蜉
蜊,蜊
蜋,蜋
蜍,蜍
蜎,蜎
蜏,蜏
蜐,蜐
蜑,蜑
뫉,蜑
蜒,蜒
뫋,蜒
샐,蜒
蜓,蜓
蜔,蜔
蜕,蜕
蜘,蜘
蜙,蜙
蜚,蜚
뫑,蜚
蜜,蜜
蜝,蜝
蜞,蜞
蜟,蜟
蜡,蜡
蜢,蜢
蜣,蜣
蜥,蜥
蜨,蜨
蜩,蜩
뫔,蜩
蜮,蜮
蜯,蜯
蜱,蜱
蜲,蜲
蜴,蜴
蜷,蜷
뫗,蜷
蜹,蜹
蜺,蜺
蜻,蜻
뫒,蜻
蜼,蜼
蜽,蜽
蜾,蜾
蜿,蜿
蝀,蝀
蝃,蝃
뫐,蝅
蝅,蝅
蝉,蝉
蝋,蝋
蝌,蝌
蝍,蝍
뫚,蝍
蝎,蝎
뫕,蝎
蝑,蝑
蝓,蝓
뫞,蝓
蝕,蝕
뫖,蝕
蝗,蝗
蝘,蝘
뫙,蝙
蝙,蝙
蝝,蝝
뫘,蝝
蝟,蝟
蝠,蝠
蝡,蝡
蝣,蝣
蝤,蝤
蝥,蝥
蝦,蝦
蝨,蝨
蝪,蝪
蝮,蝮
蝯,蝯
蝱,蝱
蝲,蝲
蝳,蝳
뫝,蝳
蝴,蝴
蝶,蝶
蝸,蝸
蝺,蝺
蝻,蝻
蝼,蝼
蝿,蝿
螂,螂
뫛,螂
뫜,螂
뫡,螂
螃,螃
螄,螄
螅,螅
螆,螆
螇,螇
螈,螈
螉,螉
螋,螋
螌,螌
融,融
뫣,螎
螐,螐
螓,螓
螕,螕
螗,螗
螘,螘
螙,螙
螞,螞
螟,螟
螠,螠
螢,螢
뫠,螣
螣,螣
螧,螧
螫,螫
螬,螬
螭,螭
螮,螮
螯,螯
螱,螱
螳,螳
螵,螵
螺,螺
螻,螻
螽,螽
뫧,螽
螾,螾
螿,螿
蟀,蟀
뫨,蟀
蟁,蟁
蟄,蟄
뫥,蟄
蟆,蟆
蟇,蟇
蟈,蟈
蟉,蟉
蟊,蟊
蟋,蟋
蟎,蟎
蟐,蟐
蟒,蟒
뫢,蟒
뫦,蟒
蟕,蟕
蟖,蟖
蟙,蟙
蟚,蟚
蟜,蟜
蟟,蟟
蟠,蟠
蟢,蟢
蟣,蟣
蟤,蟤
蟥,蟥
蟦,蟦
蟪,蟪
蟫,蟫
蟬,蟬
蟭,蟭
蟯,蟯
蟱,蟱
蟲,蟲
蟳,蟳
蟵,蟵
蟶,蟶
뫯,蟶
蟷,蟷
蟸,蟸
蟹,蟹
蟺,蟺
蟻,蟻
蟾,蟾
蟿,蟿
蠁,蠁
뫬,蠁
蠂,蠂
蠃,蠃
蠅,蠅
뫮,蠅
蠆,蠆
뫭,蠆
蠇,蠇
蠉,蠉
蠊,蠊
蠋,蠋
蠍,蠍
뫪,蠍
뫰,蠍
蠎,蠎
뫩,蠎
샑,蠎
蠏,蠏
蠐,蠐
蠑,蠑
蠒,蠒
蠓,蠓
蠔,蠔
蠕,蠕
蠖,蠖
蠘,蠘
蠙,蠙
蠚,蠚
蠛,蠛
蠜,蠜
蠞,蠞
蠟,蠟
蠡,蠡
뫴,蠡
샒,蠡
蠢,蠢
蠣,蠣
뫲,蠣
蠧,蠧
蠨,蠨
뫶,蠭
蠭,蠭
蠮,蠮
蠰,蠰
蠱,蠱
蠲,蠲
蠵,蠵
蠶,蠶
뫷,蠶
蠹,蠹
蠺,蠺
蠻,蠻
蠼,蠼
血,血
衁,衁
뫸,衂
衂,衂
衃,衃
衄,衄
衅,衅
衆,衆
衈,衈
衉,衉
衊,衊
衋,衋
行,行
衍,衍
衎,衎
衑,衑
衒,衒
뫺,術
術,術
衕,衕
衖,衖
街,街
衘,衘
衙,衙
衚,衚
衛,衛
샹,衛
衜,衜
衝,衝
衞,衞
衟,衟
衠,衠
衡,衡
衢,衢
衣,衣
衤,衤
表,表
衩,衩
衪,衪
衫,衫
衮,衮
묃,衮
衯,衯
衰,衰
衱,衱
衲,衲
묄,衲
衵,衵
衷,衷
衹,衹
衻,衻
衽,衽
衾,衾
衿,衿
袀,袀
袁,袁
袂,袂
袈,袈
袊,袊
袋,袋
袍,袍
묉,袍
袏,袏
袑,袑
袒,袒
袖,袖
袗,袗
袘,袘
袙,袙
袚,袚
묊,袚
袛,袛
袜,袜
袞,袞
묆,袞
袟,袟
袠,袠
袢,袢
묈,袢
袣,袣
袤,袤
袥,袥
袨,袨
袪,袪
被,被
袮,袮
袰,袰
袱,袱
袴,袴
袵,袵
袷,袷
袺,袺
袼,袼
袽,袽
袾,袾
袿,袿
裀,裀
裁,裁
裂,裂
裃,裃
裄,裄
装,装
裊,裊
裋,裋
裌,裌
裍,裍
裎,裎
裏,裏
裑,裑
裒,裒
묋,裒
裓,裓
裔,裔
裕,裕
뛤,𥙿
裘,裘
裙,裙
裛,裛
補,補
裝,裝
裞,裞
裟,裟
裡,裡
裧,裧
裨,裨
裯,裯
裰,裰
裱,裱
裲,裲
裳,裳
裴,裴
묐,裴
裵,裵
裷,裷
裸,裸
裹,裹
裼,裼
製,製
裾,裾
褁,褁
褂,褂
褄,褄
褆,褆
複,複
묖,褊
褊,褊
褌,褌
褍,褍
褎,褎
褏,褏
褐,褐
褒,褒
묔,褒
褓,褓
褔,褔
褕,褕
褖,褖
褘,褘
褙,褙
褚,褚
褛,褛
褜,褜
묑,褜
褝,褝
묗,褞
褞,褞
褠,褠
褥,褥
褦,褦
褧,褧
묛,褧
褨,褨
묕,褪
褪,褪
褫,褫
묞,褫
褰,褰
褱,褱
褲,褲
묝,褳
褳,褳
褵,褵
褶,褶
묢,褶
褷,褷
褸,褸
褹,褹
褺,褺
褻,褻
묟,褻
褽,褽
褾,褾
襀,襀
襁,襁
묤,襁
襂,襂
襃,襃
묠,襃
襄,襄
襅,襅
襆,襆
襉,襉
襌,襌
襍,襍
襏,襏
襒,襒
襖,襖
묧,襖
襗,襗
묣,襚
襚,襚
襛,襛
襜,襜
襞,襞
襟,襟
襠,襠
襡,襡
襢,襢
襣,襣
襤,襤
襦,襦
襪,襪
묪,襪
襫,襫
襭,襭
襮,襮
襯,襯
묮,襯
襰,襰
襲,襲
묬,襲
襳,襳
襴,襴
묯,襴
襵,襵
襷,襷
襺,襺
襻,襻
襼,襼
襽,襽
襾,襾
西,西
샻,西
覀,覀
묰,要
要,要
覃,覃
묱,覃
覆,覆
묲,覆
묳,覇
覇,覇
覈,覈
무,覈
覉,覉
묶,覉
覊,覊
묷,覊
見,見
覍,覍
묹,覍
規,規
覐,覐
覓,覓
覔,覔
覕,覕
視,視
覗,覗
覘,覘
覚,覚
覛,覛
覜,覜
覟,覟
覠,覠
覡,覡
覥,覥
覦,覦
묽,覦
覧,覧
覩,覩
물,覩
親,親
覬,覬
묾,覯
覯,覯
覰,覰
覲,覲
묿,覲
観,観
覴,覴
覵,覵
覶,覶
覷,覷
覸,覸
覺,覺
覼,覼
覽,覽
覿,覿
觀,觀
뭃,觀
角,角
뭄,角
뭅,角
觔,觔
觕,觕
觖,觖
觗,觗
觘,觘
뭆,觚
觚,觚
觜,觜
觝,觝
뭈,觢
解,解
觥,觥
触,触
觧,觧
觩,觩
觫,觫
觭,觭
觱,觱
觳,觳
觴,觴
뭌,觴
觶,觶
觸,觸
觹,觹
觽,觽
觿,觿
言,言
訂,訂
訃,訃
訄,訄
訅,訅
訇,訇
計,計
訊,訊
뭎,訊
訌,訌
討,討
訏,訏
訐,訐
訑,訑
訒,訒
뭏,訒
訓,訓
訔,訔
訕,訕
訖,訖
託,託
記,記
뭍,記
訛,訛
뭒,訛
뭐,訝
訝,訝
뭚,訝
뭛,訝
訞,訞
訟,訟
뭑,訟
訠,訠
訡,訡
訢,訢
訣,訣
訤,訤
訥,訥
뭓,訥
訦,訦
訧,訧
뭔,訩
訪,訪
訫,訫
訬,訬
設,設
訯,訯
許,許
訳,訳
訴,訴
訵,訵
訶,訶
訷,訷
診,診
註,註
뭖,註
뭗,註
証,証
訽,訽
訾,訾
訿,訿
詀,詀
詁,詁
詃,詃
詄,詄
詅,詅
詆,詆
詇,詇
詈,詈
詉,詉
詍,詍
詎,詎
뭙,詎
詐,詐
詑,詑
詒,詒
詓,詓
詔,詔
뭘,評
評,評
詖,詖
詗,詗
詘,詘
詙,詙
詛,詛
詜,詜
詝,詝
詞,詞
詠,詠
詡,詡
詢,詢
詣,詣
詥,詥
試,試
詧,詧
詩,詩
詫,詫
詬,詬
詭,詭
뭞,詭
詮,詮
뭜,詮
詰,詰
話,話
該,該
뭝,該
詳,詳
詵,詵
詶,詶
詷,詷
詹,詹
詺,詺
詻,詻
詼,詼
뭟,詼
詾,詾
詿,詿
誀,誀
誂,誂
誃,誃
誄,誄
뭠,誄
誅,誅
誆,誆
誇,誇
誉,誉
誋,誋
誌,誌
認,認
誏,誏
誐,誐
誑,誑
誒,誒
誓,誓
뭧,誕
誕,誕
뭮,誕
誖,誖
誗,誗
誘,誘
誙,誙
誚,誚
뭩,誚
語,語
誟,誟
誠,誠
뭤,誠
誡,誡
誣,誣
뭨,誤
誤,誤
誥,誥
뭥,誥
뭦,誥
誦,誦
誧,誧
誨,誨
뭡,誨
誩,誩
說,說
誫,誫
説,説
読,読
誮,誮
誯,誯
誰,誰
課,課
誳,誳
誴,誴
誶,誶
誷,誷
誹,誹
뭪,誹
誻,誻
誼,誼
誾,誾
빞,誾
뭫,調
調,調
諂,諂
諃,諃
諄,諄
諅,諅
諆,諆
談,談
諈,諈
諉,諉
諊,諊
뭬,請
請,請
諌,諌
諍,諍
뭯,諍
諏,諏
諐,諐
諑,諑
諒,諒
諓,諓
諔,諔
諕,諕
論,論
諗,諗
諚,諚
諛,諛
뭢,諛
諜,諜
諝,諝
뭵,諞
諞,諞
諟,諟
諠,諠
諡,諡
뭻,諡
諢,諢
諤,諤
諦,諦
諧,諧
솀,諪
諫,諫
諬,諬
뭱,諭
諭,諭
뭲,諭
뭴,諮
諮,諮
諯,諯
諰,諰
諱,諱
뮉,諱
諳,諳
諴,諴
諵,諵
諶,諶
뭶,諶
諷,諷
諸,諸
諹,諹
뭰,諺
諺,諺
諼,諼
뭹,諼
諾,諾
諿,諿
謀,謀
謁,謁
謂,謂
謄,謄
뮂,謄
謅,謅
謆,謆
謇,謇
謈,謈
謊,謊
뮄,謊
뭸,謊
謋,謋
謌,謌
謍,謍
謎,謎
뮀,謎
謐,謐
謑,謑
謔,謔
뭺,謔
謖,謖
謗,謗
뭿,謙
謙,謙
謚,謚
뮅,謚
뮆,謚
뮃,講
講,講
謜,謜
謝,謝
뮈,謝
謞,謞
謟,謟
謠,謠
謡,謡
謦,謦
謨,謨
뮌,謨
謪,謪
謫,謫
뮋,謬
謬,謬
謭,謭
謰,謰
謳,謳
謷,謷
뮊,謷
謹,謹
뮑,謹
謼,謼
謾,謾
譁,譁
뮍,譁
譂,譂
譃,譃
譄,譄
뮐,譄
譅,譅
뮞,譅
譆,譆
譈,譈
證,證
譌,譌
뮔,譌
뮗,譌
譍,譍
譎,譎
譏,譏
譑,譑
譒,譒
譓,譓
뮇,譓
譔,譔
譖,譖
뮡,譖
識,識
뮓,識
譙,譙
譚,譚
譛,譛
譜,譜
뮛,譜
譞,譞
譟,譟
뮠,譡
譣,譣
警,警
譩,譩
譪,譪
샓,譪
譫,譫
譬,譬
譭,譭
譯,譯
議,議
譱,譱
꼭,譱
譲,譲
뮙,譴
譴,譴
譶,譶
護,護
譸,譸
譹,譹
譼,譼
譽,譽
譾,譾
譿,譿
讀,讀
뮝,讁
讁,讁
讃,讃
讄,讄
讅,讅
뮢,讉
讉,讉
變,變
讋,讋
讌,讌
뮥,讌
讍,讍
讎,讎
讏,讏
讐,讐
讒,讒
讓,讓
讔,讔
讕,讕
讖,讖
讙,讙
讚,讚
讜,讜
讝,讝
讞,讞
讟,讟
谷,谷
谸,谸
谹,谹
뮨,谺
谺,谺
뮩,谺
뮪,谺
谼,谼
谽,谽
谾,谾
谿,谿
뮭,谿
豁,豁
뮫,豁
뮬,豁
豅,豅
豆,豆
豇,豇
豈,豈
豉,豉
豊,豊
豋,豋
豌,豌
豎,豎
豏,豏
豐,豐
豑,豑
豓,豓
豔,豔
豕,豕
뮯,豕
豗,豗
豘,豘
豙,豙
豚,豚
룗,豚
豛,豛
豝,豝
뮱,象
象,象
豢,豢
뮵,豢
豣,豣
豤,豤
豦,豦
뮴,豦
豨,豨
豩,豩
豪,豪
뮹,豪
뮶,豪
豫,豫
괩,豫
豬,豬
뮻,豬
豭,豭
豳,豳
豵,豵
豶,豶
豸,豸
뮼,豹
豹,豹
豺,豺
豻,豻
豼,豼
豾,豾
貂,貂
貅,貅
貆,貆
貇,貇
貉,貉
貊,貊
貋,貋
貌,貌
貍,貍
貎,貎
貐,貐
貒,貒
貓,貓
貔,貔
貘,貘
貙,貙
뮾,貛
貛,貛
貜,貜
貝,貝
貞,貞
貟,貟
므,負
負,負
뮿,負
財,財
貢,貢
貤,貤
貧,貧
믂,貧
貨,貨
販,販
貪,貪
貫,貫
믄,貫
責,責
貭,貭
貮,貮
貯,貯
貰,貰
貱,貱
貲,貲
貳,貳
貴,貴
貶,貶
買,買
貸,貸
貹,貹
貺,貺
費,費
貼,貼
貽,貽
貿,貿
賀,賀
賁,賁
賂,賂
賃,賃
賄,賄
賅,賅
賆,賆
믅,資
資,資
賈,賈
賉,賉
믆,賊
賊,賊
賋,賋
믇,賋
賍,賍
賎,賎
賏,賏
賑,賑
賒,賒
賓,賓
賔,賔
賕,賕
賖,賖
賙,賙
賚,賚
賛,賛
賜,賜
賝,賝
賞,賞
賟,賟
賠,賠
賡,賡
賢,賢
賣,賣
賤,賤
賦,賦
賨,賨
質,質
賬,賬
賭,賭
믌,賭
賯,賯
賰,賰
賱,賱
賲,賲
믍,賲
賴,賴
賵,賵
賷,賷
賸,賸
賺,賺
믒,賺
賻,賻
믓,賻
믎,購
購,購
믏,購
賽,賽
賾,賾
賿,賿
贁,贁
贃,贃
贄,贄
贅,贅
믔,贅
贇,贇
贈,贈
贉,贉
贊,贊
믖,贊
贋,贋
贍,贍
贎,贎
贏,贏
믚,贏
믙,贏
贐,贐
믝,贐
贒,贒
贓,贓
믛,贓
贔,贔
贖,贖
贗,贗
贘,贘
贛,贛
믟,贛
贜,贜
믠,贜
赤,赤
赥,赥
赦,赦
赧,赧
赩,赩
赫,赫
赬,赬
赭,赭
믢,赭
赮,赮
走,走
赱,赱
믥,赳
赳,赳
赴,赴
赶,赶
起,起
믣,起
赿,赿
趁,趁
趂,趂
趄,趄
超,超
趈,趈
趉,趉
越,越
趍,趍
趐,趐
趑,趑
趕,趕
趙,趙
믨,趙
趞,趞
趟,趟
趠,趠
趣,趣
趦,趦
趨,趨
趫,趫
趬,趬
趯,趯
믩,趯
趲,趲
足,足
趵,趵
趷,趷
趹,趹
趺,趺
趻,趻
趼,趼
趾,趾
跀,跀
跂,跂
跅,跅
跆,跆
跇,跇
跈,跈
跊,跊
跋,跋
믪,跋
跌,跌
跎,跎
跏,跏
跑,跑
跔,跔
跕,跕
跖,跖
跗,跗
跙,跙
믭,跚
跚,跚
믫,跚
믬,跚
跛,跛
距,距
跟,跟
跡,跡
跣,跣
跤,跤
믰,跤
跥,跥
跧,跧
跨,跨
跪,跪
跫,跫
믯,跫
跬,跬
路,路
跰,跰
跱,跱
跲,跲
跳,跳
믱,跳
跴,跴
践,践
跼,跼
跽,跽
跿,跿
踁,踁
踄,踄
踅,踅
踆,踆
踈,踈
踉,踉
믲,踉
踊,踊
踋,踋
踌,踌
踏,踏
踐,踐
踑,踑
踔,踔
踖,踖
踝,踝
踞,踞
踟,踟
踠,踠
踡,踡
踢,踢
踣,踣
踦,踦
踧,踧
踪,踪
踰,踰
미,踰
踱,踱
踳,踳
踴,踴
踵,踵
踶,踶
踷,踷
踸,踸
踹,踹
踽,踽
蹀,蹀
蹁,蹁
蹂,蹂
蹃,蹃
蹄,蹄
믷,蹆
蹆,蹆
蹇,蹇
蹈,蹈
믺,蹈
蹉,蹉
蹊,蹊
믻,蹊
蹋,蹋
蹌,蹌
蹍,蹍
蹎,蹎
蹏,蹏
蹐,蹐
蹔,蹔
蹕,蹕
믽,蹕
蹙,蹙
蹛,蹛
蹜,蹜
蹝,蹝
蹞,蹞
蹟,蹟
蹠,蹠
蹡,蹡
蹢,蹢
蹣,蹣
蹤,蹤
蹩,蹩
蹬,蹬
蹭,蹭
蹯,蹯
蹰,蹰
蹱,蹱
蹲,蹲
믮,蹲
밂,蹲
蹴,蹴
蹶,蹶
蹷,蹷
밁,蹷
蹹,蹹
蹺,蹺
蹻,蹻
蹼,蹼
躁,躁
躂,躂
躃,躃
躄,躄
躅,躅
躇,躇
믿,躇
躉,躉
躊,躊
躋,躋
밃,躍
躍,躍
躐,躐
躑,躑
밄,躑
밅,躑
밆,躑
躒,躒
躓,躓
躔,躔
躕,躕
躘,躘
躙,躙
躚,躚
躛,躛
躝,躝
躞,躞
躡,躡
밇,躡
밈,躡
躢,躢
躧,躧
躩,躩
躪,躪
身,身
躬,躬
밋,躬
躭,躭
躮,躮
躯,躯
밌,躯
躰,躰
밍,躰
躱,躱
躳,躳
躵,躵
躶,躶
躹,躹
躺,躺
躻,躻
躾,躾
및,躾
軀,軀
軁,軁
軃,軃
軄,軄
軅,軅
밑,軅
軆,軆
밒,軆
軇,軇
軈,軈
밓,軈
車,車
軋,軋
軌,軌
軍,軍
軏,軏
軑,軑
軒,軒
軓,軓
軔,軔
軛,軛
軜,軜
軟,軟
転,転
軣,軣
軨,軨
軫,軫
軭,軭
軮,軮
軰,軰
軱,軱
軷,軷
軸,軸
軹,軹
軺,軺
軻,軻
軼,軼
軽,軽
軾,軾
輀,輀
輂,輂
較,較
밗,較
輅,輅
輇,輇
輈,輈
載,載
輊,輊
輌,輌
輏,輏
輐,輐
輑,輑
輒,輒
輓,輓
반,輓
輔,輔
輕,輕
輖,輖
輗,輗
輘,輘
輙,輙
輛,輛
輜,輜
輝,輝
밝,輝
輞,輞
발,輞
輟,輟
輠,輠
輡,輡
輣,輣
받,輤
輤,輤
輥,輥
輦,輦
輧,輧
輨,輨
輩,輩
밚,輩
輪,輪
輫,輫
輬,輬
輭,輭
輮,輮
輯,輯
輰,輰
輱,輱
輳,輳
輴,輴
輵,輵
輶,輶
輷,輷
밟,輸
輸,輸
輹,輹
輺,輺
輻,輻
輾,輾
輿,輿
轀,轀
轁,轁
轂,轂
轃,轃
轄,轄
밢,轄
轅,轅
轆,轆
轇,轇
轉,轉
轊,轊
轌,轌
밣,轌
轍,轍
轎,轎
轏,轏
轑,轑
轒,轒
轓,轓
밥,轔
轔,轔
轕,轕
轗,轗
轘,轘
轜,轜
轝,轝
轞,轞
轟,轟
轡,轡
轢,轢
轣,轣
밨,𮝬
轤,轤
轥,轥
辛,辛
辜,辜
辝,辝
辞,辞
辟,辟
辠,辠
辡,辡
辣,辣
辤,辤
辥,辥
辦,辦
辧,辧
辨,辨
뉪,辬
辬,辬
辭,辭
밪,辭
辮,辮
辯,辯
辰,辰
辱,辱
農,農
辴,辴
辵,辵
辶,辶
밫,辷
辷,辷
辸,辸
辺,辺
辻,辻
밯,辻
込,込
밮,込
밲,达
达,达
辿,辿
밷,辿
迀,迀
迁,迁
迂,迂
밸,迂
밳,迃
迃,迃
迄,迄
밶,迄
迅,迅
밹,迅
밴,迆
迆,迆
밼,迊
迊,迊
밽,迋
迋,迋
뱆,迍
迍,迍
迎,迎
뱌,迎
运,运
近,近
뱋,近
밾,迒
迒,迒
뱂,迓
뱁,迓
迓,迓
返,返
뱍,返
뱃,迕
迕,迕
밻,迚
迚,迚
뱓,迠
迠,迠
뱔,迡
迡,迡
뱑,迢
迢,迢
뱕,迣
迣,迣
뱖,迤
迤,迤
뱐,迥
迥,迥
迦,迦
뱡,迦
迧,迧
뱗,迨
迨,迨
迩,迩
뱤,迩
迪,迪
뱟,迪
迫,迫
뱠,迫
迭,迭
뱢,迭
뱚,迮
迮,迮
迯,迯
뱞,迯
述,述
뱣,述
뱛,迱
迱,迱
솁,迲
뱥,迴
迴,迴
뱩,迵
迵,迵
迶,迶
迷,迷
뱹,迷
迸,迸
뱶,迸
뱧,迹
迹,迹
뱨,迺
迺,迺
뱪,迻
迻,迻
追,追
뱺,追
뱬,迾
迾,迾
뱮,迿
뱭,迿
退,退
뱻,退
送,送
뱼,送
뱯,适
适,适
逃,逃
뱽,逃
뱰,逄
逄,逄
뱦,逅
逅,逅
逆,逆
뱸,逆
逈,逈
뱵,逈
벃,逋
逋,逋
벆,逌
逌,逌
벁,逍
逍,逍
벑,逍
버,逎
逎,逎
벒,逎
透,透
범,透
逐,逐
벙,逐
뱾,逑
逑,逑
벐,逑
逓,逓
途,途
벚,途
뱿,逕
逕,逕
샕,逖
逖,逖
벂,逖
逗,逗
벖,逗
逘,逘
벏,逘
這,這
법,這
通,通
벛,通
벉,逛
逛,逛
逝,逝
벞,逝
벋,逞
벊,逞
逞,逞
벌,逞
速,速
벜,速
造,造
벓,造
벀,逡
逡,逡
逢,逢
벗,逢
連,連
벝,連
벍,逤
逤,逤
逥,逥
逧,逧
벎,逧
逨,逨
벵,逨
벩,逩
逩,逩
벫,逪
逪,逪
벬,逫
逫,逫
벭,逬
逬,逬
벮,逭
逭,逭
逮,逮
벷,逮
벪,逯
逯,逯
週,週
벸,週
進,進
벶,進
逳,逳
벱,逴
逴,逴
벧,逵
逵,逵
벨,逵
벦,逶
逶,逶
벲,逷
逷,逷
逸,逸
벟,逸
벳,逸
볧,逸
벤,逹
逹,逹
벢,逹
벥,逹
逼,逼
볠,逼
볃,逾
逾,逾
볘,逾
볆,逿
逿,逿
볇,遀
遀,遀
遁,遁
볟,遁
볨,遁
遂,遂
볊,遂
볉,遂
볋,遂
遃,遃
볌,遄
遄,遄
遅,遅
遇,遇
볣,遇
볂,遉
遉,遉
遊,遊
볛,遊
運,運
볤,運
볍,遌
遌,遌
遍,遍
볥,遍
過,過
볦,過
벹,遏
벾,遏
遏,遏
벴,遏
벿,遐
遐,遐
볔,遐
변,遑
遑,遑
볁,遒
遒,遒
볕,遒
볖,遒
볗,遒
道,道
볚,道
達,達
볙,達
볝,違
違,違
볜,違
샽,違
별,遖
遖,遖
볭,遘
볬,遘
遘,遘
볮,遘
볺,遙
遙,遙
볱,遛
遛,遛
遜,遜
봀,遜
볼,遝
遝,遝
볯,遞
遞,遞
볶,遟
遟,遟
遠,遠
볾,遠
봂,遠
遡,遡
볿,遡
볷,遢
遢,遢
샾,遢
遣,遣
봁,遣
遥,遥
볩,遥
遦,遦
봏,遦
봇,遧
遧,遧
봃,遨
遨,遨
봒,遨
適,適
봗,適
遫,遫
봊,遬
遬,遬
遭,遭
봘,遭
遮,遮
봙,遮
봨,遮
봄,遯
遯,遯
봓,遯
봔,遯
봕,遯
봍,遰
遰,遰
봝,遲
遲,遲
볻,遳
봖,遳
봹,遴
遴,遴
봷,遴
遵,遵
봞,遵
봯,遵
봜,遶
遶,遶
遷,遷
봟,遷
봰,遷
봴,遷
選,選
봡,選
봱,選
봢,遹
遹,遹
遺,遺
봵,遺
봣,遻
遻,遻
遼,遼
봶,遼
봿,遽
遽,遽
봼,遽
봽,遽
봾,遽
避,避
뵖,避
뵀,邀
邀,邀
뵁,邀
봦,邁
邁,邁
뵓,邁
봻,邂
邂,邂
뵚,邃
뵧,邃
邃,邃
랃,邃
뵨,邃
샗,邃
還,還
뵗,還
뵄,邅
邅,邅
뵙,邇
邇,邇
뵘,邇
뵝,邈
邈,邈
邉,邉
뵇,邉
뵉,邉
뵊,邉
뵋,邉
뵌,邉
뵤,邉
뵥,邉
뵫,邊
邊,邊
뵞,邊
뵟,邊
뵠,邊
뵡,邊
뵢,邊
뵪,邊
샖,邊
뵮,邋
邋,邋
뵯,邌
邌,邌
뵰,邍
邍,邍
뵶,邎
邎,邎
뵺,邏
邏,邏
부,邐
邐,邐
邑,邑
邕,邕
邗,邗
邘,邘
邙,邙
邛,邛
邠,邠
邡,邡
邢,邢
붂,那
那,那
邥,邥
邦,邦
붃,邦
붆,邦
분,邦
붅,邦
邨,邨
불,邨
邪,邪
붌,邪
붇,邫
邯,邯
邰,邰
邱,邱
邲,邲
邳,邳
邴,邴
붊,邴
邵,邵
邶,邶
邸,邸
邹,邹
邽,邽
邾,邾
郁,郁
郃,郃
郄,郄
郅,郅
郇,郇
郈,郈
郊,郊
郌,郌
郎,郎
붏,郑
郒,郒
붐,郒
郕,郕
郗,郗
郘,郘
郙,郙
郛,郛
붓,郛
郜,郜
郝,郝
郞,郞
郟,郟
郡,郡
郢,郢
붔,郢
붖,郢
郤,郤
붒,郤
郥,郥
部,部
郫,郫
郭,郭
郯,郯
郰,郰
郲,郲
郴,郴
郵,郵
郶,郶
郷,郷
都,都
郾,郾
郿,郿
鄀,鄀
鄂,鄂
鄄,鄄
鄅,鄅
鄆,鄆
鄈,鄈
鄉,鄉
鄍,鄍
鄐,鄐
鄒,鄒
鄔,鄔
붘,鄕
鄕,鄕
붙,鄕
붚,鄕
鄖,鄖
鄗,鄗
鄘,鄘
鄙,鄙
鄚,鄚
鄜,鄜
鄞,鄞
鄠,鄠
鄢,鄢
鄣,鄣
鄥,鄥
鄧,鄧
鄩,鄩
붝,鄭
鄭,鄭
鄮,鄮
鄯,鄯
鄰,鄰
붞,鄰
붟,鄰
鄱,鄱
鄲,鄲
鄴,鄴
鄶,鄶
鄷,鄷
붠,鄷
鄹,鄹
鄺,鄺
鄼,鄼
鄽,鄽
붡,鄽
酃,酃
酆,酆
酇,酇
酈,酈
酉,酉
酊,酊
붢,酋
酋,酋
붣,酌
酌,酌
配,配
붤,配
酎,酎
酏,酏
酒,酒
됱,酒
酓,酓
酔,酔
酖,酖
酗,酗
酘,酘
酙,酙
酚,酚
酛,酛
酡,酡
酢,酢
붦,酢
酣,酣
酤,酤
酥,酥
酧,酧
酩,酩
酪,酪
붧,酪
酬,酬
붨,酬
酭,酭
酲,酲
붬,酲
酳,酳
酴,酴
酵,酵
붩,酵
붪,酷
酷,酷
酸,酸
붫,酸
酹,酹
酺,酺
酻,酻
醁,醁
醂,醂
醃,醃
醅,醅
醆,醆
醇,醇
醉,醉
醊,醊
醋,醋
醍,醍
醎,醎
醐,醐
醑,醑
醒,醒
醓,醓
醔,醔
醕,醕
醖,醖
醗,醗
醘,醘
붯,醚
醚,醚
붲,醜
醜,醜
醝,醝
醞,醞
醡,醡
醢,醢
醤,醤
붰,醤
醦,醦
醨,醨
醪,醪
붳,醪
醫,醫
醬,醬
붱,醬
醭,醭
醮,醮
醯,醯
醰,醰
醱,醱
醲,醲
醳,醳
醴,醴
醵,醵
붴,醵
붵,醵
醶,醶
醸,醸
醺,醺
붶,醺
醻,醻
醼,醼
醽,醽
醿,醿
釀,釀
釁,釁
붷,釁
붸,釁
붹,釁
釂,釂
釃,釃
釄,釄
釅,釅
釆,釆
采,采
붺,采
釈,釈
釉,釉
釋,釋
돑,釋
里,里
重,重
野,野
量,量
釐,釐
金,金
釓,釓
釔,釔
釕,釕
釖,釖
釗,釗
釘,釘
釙,釙
釚,釚
釛,釛
땧,釜
釜,釜
針,針
釞,釞
釟,釟
뷀,釟
釡,釡
釣,釣
釤,釤
釥,釥
釦,釦
釧,釧
釨,釨
釩,釩
뷄,釩
釪,釪
뷇,釫
釬,釬
釭,釭
釮,釮
뷆,釮
釯,釯
釰,釰
釱,釱
뷅,釲
釳,釳
뷈,釵
釵,釵
釶,釶
釷,釷
釹,釹
釻,釻
釼,釼
뷂,釼
뷃,釼
釽,釽
釾,釾
釿,釿
鈀,鈀
鈁,鈁
鈃,鈃
鈄,鈄
鈅,鈅
鈆,鈆
鈇,鈇
鈉,鈉
鈊,鈊
鈌,鈌
鈍,鈍
鈎,鈎
鈐,鈐
뷎,鈐
鈑,鈑
鈒,鈒
鈓,鈓
뷌,鈓
鈔,鈔
鈕,鈕
鈖,鈖
鈗,鈗
鈘,鈘
鈛,鈛
鈜,鈜
鈝,鈝
鈞,鈞
鈡,鈡
鈣,鈣
鈤,鈤
鈥,鈥
鈦,鈦
鈨,鈨
鈩,鈩
뷏,鈩
鈬,鈬
鈮,鈮
鈯,鈯
鈰,鈰
鈱,鈱
鈳,鈳
鈴,鈴
鈵,鈵
鈶,鈶
鈷,鈷
鈸,鈸
뷔,鈸
鈹,鈹
鈺,鈺
鈼,鈼
鈾,鈾
鈿,鈿
鉀,鉀
鉂,鉂
뷗,鉂
鉃,鉃
鉄,鉄
鉅,鉅
뷛,鉅
鉆,鉆
鉇,鉇
鉈,鉈
鉉,鉉
鉊,鉊
鉋,鉋
뷜,鉋
鉍,鉍
鉎,鉎
鉏,鉏
鉐,鉐
鉑,鉑
鉒,鉒
뷕,鉒
鉓,鉓
鉖,鉖
鉗,鉗
鉘,鉘
鉙,鉙
鉚,鉚
鉛,鉛
뷖,鉛
鉜,鉜
鉝,鉝
鉞,鉞
鉠,鉠
鉡,鉡
뷘,鉡
鉢,鉢
鉤,鉤
鉥,鉥
鉦,鉦
鉧,鉧
鉨,鉨
鉩,鉩
鉭,鉭
鉮,鉮
鉯,鉯
鉰,鉰
鉱,鉱
鉵,鉵
鉶,鉶
鉷,鉷
鉸,鉸
뷢,鉸
鉹,鉹
鉻,鉻
鉼,鉼
븃,鉼
鉽,鉽
鉾,鉾
鉿,鉿
銀,銀
銂,銂
銃,銃
銅,銅
銈,銈
銉,銉
銊,銊
銍,銍
銎,銎
銏,銏
銑,銑
銒,銒
銓,銓
뷤,銓
銕,銕
銖,銖
銗,銗
銘,銘
銙,銙
銚,銚
銛,銛
銜,銜
銟,銟
銠,銠
銡,銡
銢,銢
銤,銤
銥,銥
銧,銧
銨,銨
銫,銫
銭,銭
銮,銮
銯,銯
銲,銲
銳,銳
銶,銶
銷,銷
뷱,銷
銸,銸
銹,銹
銺,銺
銻,銻
銼,銼
銽,銽
銿,銿
鋀,鋀
鋁,鋁
鋂,鋂
鋃,鋃
鋅,鋅
鋆,鋆
뷧,鋆
鋇,鋇
鋈,鋈
鋉,鋉
鋊,鋊
鋋,鋋
뷷,鋋
鋌,鋌
뷨,鋌
뷩,鋌
鋍,鋍
鋎,鋎
鋏,鋏
鋐,鋐
鋑,鋑
鋒,鋒
鋓,鋓
鋕,鋕
뷭,鋕
鋗,鋗
鋘,鋘
鋙,鋙
鋛,鋛
鋜,鋜
鋝,鋝
뷰,鋝
鋟,鋟
鋠,鋠
鋡,鋡
鋣,鋣
鋤,鋤
鋥,鋥
鋧,鋧
鋨,鋨
鋩,鋩
鋪,鋪
鋫,鋫
鋬,鋬
鋭,鋭
鋮,鋮
뷬,鋮
鋰,鋰
鋲,鋲
鋳,鋳
뷫,鋴
鋷,鋷
鋸,鋸
鋹,鋹
鋺,鋺
鋻,鋻
鋼,鋼
鋿,鋿
錀,錀
뷸,錀
錂,錂
錄,錄
뷶,錆
錆,錆
錈,錈
錊,錊
錍,錍
錏,錏
錐,錐
錑,錑
錔,錔
錕,錕
錘,錘
錙,錙
錚,錚
뷣,錚
뷻,錚
錜,錜
錝,錝
錞,錞
錟,錟
錠,錠
錡,錡
錢,錢
錣,錣
錤,錤
錥,錥
錦,錦
錧,錧
錨,錨
錩,錩
錪,錪
錫,錫
錬,錬
錮,錮
錯,錯
録,録
錳,錳
錴,錴
錵,錵
錶,錶
錷,錷
錺,錺
錻,錻
鍄,鍄
鍇,鍇
鍈,鍈
븍,鍈
鍉,鍉
鍊,鍊
鍋,鍋
鍍,鍍
鍐,鍐
鍑,鍑
鍒,鍒
鍔,鍔
鍕,鍕
鍖,鍖
鍗,鍗
鍘,鍘
鍚,鍚
鍛,鍛
鍜,鍜
鍞,鍞
鍟,鍟
鍠,鍠
鍤,鍤
븄,鍥
鍥,鍥
븖,鍦
鍧,鍧
鍩,鍩
鍪,鍪
鍫,鍫
鍬,鍬
鍭,鍭
鍮,鍮
븓,鍮
鍯,鍯
鍰,鍰
鍱,鍱
鍳,鍳
鍴,鍴
븊,鍵
鍵,鍵
鍶,鍶
鍷,鍷
鍸,鍸
鍺,鍺
鍼,鍼
鍽,鍽
鍾,鍾
鍿,鍿
鎀,鎀
鎁,鎁
鎂,鎂
鎈,鎈
鎊,鎊
븙,鎋
鎋,鎋
븝,鎌
鎌,鎌
鎍,鎍
鎎,鎎
鎏,鎏
鎒,鎒
鎔,鎔
鎕,鎕
븚,鎖
鎖,鎖
鎗,鎗
鎘,鎘
鎚,鎚
븜,鎚
鎛,鎛
鎞,鎞
鎟,鎟
븅,鎡
鎡,鎡
鎣,鎣
鎤,鎤
鎦,鎦
븢,鎦
鎧,鎧
鎨,鎨
鎩,鎩
鎫,鎫
鎬,鎬
鎭,鎭
鎮,鎮
鎰,鎰
븞,鎰
븨,鎰
鎴,鎴
鎵,鎵
鎶,鎶
븇,鎹
鎹,鎹
븈,鎹
븉,鎹
븩,鎹
븋,鎺
鎺,鎺
鎻,鎻
鏀,鏀
鏁,鏁
鏃,鏃
鏄,鏄
鏅,鏅
鏆,鏆
鏇,鏇
븟,鏈
鏈,鏈
鏉,鏉
鏊,鏊
鏋,鏋
鏌,鏌
鏍,鏍
鏐,鏐
븭,鏐
鏑,鏑
鏓,鏓
븫,鏓
鏔,鏔
鏖,鏖
鏗,鏗
鏘,鏘
鏙,鏙
鏛,鏛
鏜,鏜
鏝,鏝
鏞,鏞
븹,鏞
鏟,鏟
븠,鏠
鏠,鏠
鏡,鏡
븪,鏡
鏢,鏢
鏤,鏤
鏥,鏥
鏦,鏦
鏧,鏧
鏨,鏨
鏪,鏪
븰,鏮
鏱,鏱
븯,鏳
鏵,鏵
鏶,鏶
鏷,鏷
鏸,鏸
鏹,鏹
鏺,鏺
븷,鏻
鏻,鏻
鏽,鏽
鏾,鏾
鏿,鏿
鐀,鐀
鐁,鐁
鐂,鐂
鐃,鐃
鐄,鐄
븬,鐄
鐇,鐇
鐈,鐈
鐉,鐉
鐊,鐊
鐍,鐍
鐎,鐎
鐏,鐏
鐐,鐐
鐓,鐓
븴,鐔
鐔,鐔
鐕,鐕
鐖,鐖
鐗,鐗
鐘,鐘
븵,鐘
鐙,鐙
鐚,鐚
鐟,鐟
鐡,鐡
븲,鐩
鐩,鐩
븾,鐩
鐪,鐪
빀,鐪
鐫,鐫
鐭,鐭
鐮,鐮
鐯,鐯
鐱,鐱
鐲,鐲
鐳,鐳
鐴,鐴
鐵,鐵
鐶,鐶
鐸,鐸
븳,鐹
鐹,鐹
鐺,鐺
鐻,鐻
븽,鐻
鐽,鐽
鐾,鐾
鐿,鐿
鑁,鑁
鑂,鑂
鑃,鑃
鑄,鑄
鑅,鑅
鑈,鑈
鑊,鑊
鑌,鑌
鑍,鑍
鑑,鑑
鑒,鑒
鑓,鑓
빈,鑓
鑕,鑕
鑙,鑙
鑚,鑚
鑛,鑛
빊,鑛
鑜,鑜
鑞,鑞
鑟,鑟
빌,鑟
鑠,鑠
鑡,鑡
鑢,鑢
鑣,鑣
鑨,鑨
鑪,鑪
鑫,鑫
鑭,鑭
鑮,鑮
鑯,鑯
鑰,鑰
鑱,鑱
빖,鑱
鑲,鑲
鑳,鑳
鑵,鑵
鑶,鑶
빒,鑶
鑷,鑷
빔,鑷
빕,鑷
鑼,鑼
鑽,鑽
鑾,鑾
鑿,鑿
钁,钁
钃,钃
钄,钄
長,長
镸,镸
镹,镹
镾,镾
門,門
閂,閂
閃,閃
閄,閄
閆,閆
閇,閇
閈,閈
閉,閉
閊,閊
開,開
閌,閌
閍,閍
閎,閎
閏,閏
빙,𨳝
閑,閑
閒,閒
빚,閒
間,間
빛,閔
閔,閔
閖,閖
閘,閘
閙,閙
閝,閝
閞,閞
閟,閟
閠,閠
閡,閡
関,関
閣,閣
閤,閤
閥,閥
閦,閦
閧,閧
閨,閨
閩,閩
閫,閫
샘,閫
閬,閬
閭,閭
빝,閭
閱,閱
閲,閲
閴,閴
閶,閶
閹,閹
閺,閺
閻,閻
빟,閻
閼,閼
빠,閼
閽,閽
閾,閾
閿,閿
闃,闃
빣,𨶑
闆,闆
闇,闇
闈,闈
闉,闉
闊,闊
闋,闋
闌,闌
闍,闍
빡,闍
闐,闐
빧,闐
闑,闑
闒,闒
빨,闒
闓,闓
闔,闔
闕,闕
闖,闖
闘,闘
闙,闙
闚,闚
關,關
闝,闝
闞,闞
闟,闟
闠,闠
闡,闡
闢,闢
闤,闤
빪,闥
闥,闥
闦,闦
阜,阜
阝,阝
阞,阞
阡,阡
阢,阢
阤,阤
阥,阥
阦,阦
阧,阧
阨,阨
阩,阩
阪,阪
阬,阬
阭,阭
阮,阮
阯,阯
阱,阱
防,防
阳,阳
阴,阴
阷,阷
阸,阸
阹,阹
阺,阺
阻,阻
阼,阼
阽,阽
阾,阾
阿,阿
陀,陀
陁,陁
陂,陂
附,附
陋,陋
陌,陌
降,降
빰,降
陏,陏
限,限
陒,陒
陔,陔
빮,陔
陖,陖
陗,陗
陘,陘
陛,陛
陜,陜
陝,陝
陞,陞
陟,陟
빴,陟
陡,陡
院,院
陣,陣
除,除
陥,陥
陦,陦
陪,陪
陬,陬
陮,陮
陰,陰
陲,陲
陳,陳
陴,陴
陵,陵
陶,陶
陷,陷
陸,陸
険,険
陻,陻
陼,陼
陽,陽
陾,陾
陿,陿
隁,隁
隂,隂
빼,隂
隃,隃
隄,隄
隅,隅
隆,隆
빶,隆
隈,隈
隉,隉
빹,隊
隊,隊
빸,隊
隋,隋
隍,隍
階,階
随,随
隑,隑
隒,隒
빻,隔
隔,隔
隕,隕
隖,隖
隗,隗
隘,隘
빽,隘
빾,隘
빿,隘
빺,隙
隙,隙
隚,隚
際,際
障,障
뺁,障
隝,隝
隟,隟
隠,隠
隣,隣
뺆,隣
隤,隤
隥,隥
隦,隦
뺄,隧
隧,隧
뺅,隧
뺇,隧
뺃,隨
隨,隨
隩,隩
險,險
隮,隮
隯,隯
隰,隰
隱,隱
뺈,隱
隲,隲
隳,隳
隴,隴
隶,隶
隷,隷
隸,隸
隹,隹
隺,隺
隻,隻
뺋,隻
隼,隼
隽,隽
雀,雀
雁,雁
雄,雄
雅,雅
샿,雅
集,集
뺌,雇
雇,雇
雉,雉
雊,雊
雋,雋
雌,雌
雍,雍
雎,雎
雑,雑
雒,雒
雕,雕
뺑,雕
雖,雖
雘,雘
샙,雘
꺧,雙
雙,雙
雚,雚
뺓,雚
雛,雛
雜,雜
雝,雝
雞,雞
雟,雟
離,離
難,難
雨,雨
뺗,雨
雩,雩
뺘,雪
雪,雪
雫,雫
雯,雯
뺛,雯
雰,雰
뺚,雰
雱,雱
雲,雲
零,零
雷,雷
雹,雹
뺝,雹
雺,雺
電,電
需,需
霂,霂
霃,霃
霄,霄
뺡,霄
霅,霅
霆,霆
뺟,霆
뺠,霆
震,震
霈,霈
霉,霉
霊,霊
霍,霍
霎,霎
霏,霏
霑,霑
霓,霓
뺞,霓
霔,霔
霖,霖
霙,霙
霚,霚
霛,霛
霜,霜
霝,霝
霞,霞
뺦,霡
霡,霡
霢,霢
霣,霣
뺨,霤
霤,霤
霧,霧
霨,霨
霪,霪
뺩,霪
霰,霰
霱,霱
露,露
霳,霳
霴,霴
霶,霶
霸,霸
霹,霹
霻,霻
霽,霽
霾,霾
靁,靁
靂,靂
뺪,𮦷
靃,靃
靄,靄
뺬,靄
뺫,靆
靆,靆
靇,靇
靈,靈
靉,靉
뺭,靉
靊,靊
靍,靍
靎,靎
靏,靏
靑,靑
青,青
靕,靕
뺴,靕
뺵,靕
靖,靖
靗,靗
뺷,靗
靘,靘
뺶,靘
静,静
靚,靚
뺸,靚
靛,靛
뺹,靛
靜,靜
뺺,靜
뺻,靜
靝,靝
뺼,靝
非,非
뺾,非
靠,靠
뺿,靠
뻀,靠
뻁,靠
靡,靡
쁶,靡
面,面
靣,靣
靤,靤
뻂,靤
靦,靦
靧,靧
靨,靨
革,革
靪,靪
靫,靫
뻇,靫
뻄,靭
靭,靭
靮,靮
뻅,靱
靱,靱
뻆,靱
靳,靳
靴,靴
뻈,靴
靶,靶
靷,靷
靸,靸
靹,靹
뻉,靹
靺,靺
靻,靻
靼,靼
靽,靽
靿,靿
鞀,鞀
鞁,鞁
뻋,鞄
鞄,鞄
鞅,鞅
鞆,鞆
뻌,鞆
鞉,鞉
鞋,鞋
鞍,鞍
鞏,鞏
鞐,鞐
鞕,鞕
鞖,鞖
鞗,鞗
뻍,鞘
鞘,鞘
鞙,鞙
鞚,鞚
뻏,鞚
鞜,鞜
鞞,鞞
鞟,鞟
鞠,鞠
鞢,鞢
鞣,鞣
鞦,鞦
鞨,鞨
뻐,鞨
뻒,鞨
鞫,鞫
鞬,鞬
뻑,鞭
鞭,鞭
鞮,鞮
鞱,鞱
鞲,鞲
鞳,鞳
鞴,鞴
鞵,鞵
鞶,鞶
鞸,鞸
鞹,鞹
鞺,鞺
鞼,鞼
鞾,鞾
鞿,鞿
韁,韁
뻓,韃
韃,韃
韄,韄
韅,韅
뻕,韆
뻘,韆
韆,韆
뻖,韆
뻙,韆
韇,韇
韈,韈
뻗,韈
韉,韉
韊,韊
뻚,韋
韋,韋
뻛,韋
뻜,韌
韌,韌
韍,韍
韎,韎
韐,韐
뻝,韑
韑,韑
뻞,韑
韓,韓
뻟,韓
韔,韔
韗,韗
韘,韘
뻠,韙
韙,韙
韛,韛
韜,韜
뻣,韜
뻤,韜
韝,韝
韞,韞
삲,韞
韡,韡
韤,韤
韭,韭
韮,韮
韯,韯
韱,韱
韲,韲
音,音
뻦,音
韴,韴
韵,韵
韶,韶
韷,韷
韸,韸
韺,韺
韻,韻
뻧,韻
響,響
頁,頁
頂,頂
頃,頃
頄,頄
項,項
順,順
頇,頇
須,須
頊,頊
頌,頌
뻫,頌
頍,頍
頎,頎
頏,頏
預,預
뻬,頑
頑,頑
頒,頒
뻪,頒
뻭,頓
頓,頓
頔,頔
頖,頖
頗,頗
領,領
頙,頙
뻮,頙
頚,頚
頜,頜
頞,頞
頠,頠
頡,頡
頣,頣
頤,頤
뻲,頤
頥,頥
頦,頦
頨,頨
頫,頫
頬,頬
頭,頭
頮,頮
頯,頯
頰,頰
頲,頲
뻯,頲
뻰,頲
頳,頳
頴,頴
頵,頵
頷,頷
頸,頸
頹,頹
頺,頺
頻,頻
頼,頼
頽,頽
頾,頾
顄,顄
顆,顆
顇,顇
顉,顉
顊,顊
顋,顋
題,題
額,額
顎,顎
顏,顏
顑,顑
顒,顒
顓,顓
顔,顔
顕,顕
顖,顖
顗,顗
願,願
顙,顙
顚,顚
顛,顛
類,類
顢,顢
顣,顣
顥,顥
顦,顦
뻷,顧
顧,顧
顪,顪
顫,顫
顬,顬
顯,顯
顰,顰
뻸,顰
顱,顱
顳,顳
뻹,顳
뻺,顳
顴,顴
風,風
颪,颪
颫,颫
颭,颭
颮,颮
颯,颯
颰,颰
颱,颱
颴,颴
颶,颶
뻻,颶
颷,颷
颸,颸
颺,颺
颻,颻
颼,颼
颾,颾
뻼,颾
颿,颿
飂,飂
飃,飃
飄,飄
飅,飅
飆,飆
飇,飇
飈,飈
飋,飋
飌,飌
飛,飛
飜,飜
食,食
뻽,食
飠,飠
飡,飡
뼅,飢
飢,飢
뼁,飣
飣,飣
뼂,飤
飤,飤
飥,飥
뼈,飦
飦,飦
飧,飧
뼉,飩
飩,飩
뼌,飪
飪,飪
뼍,飫
飫,飫
깇,飭
飭,飭
飮,飮
飯,飯
飰,飰
飱,飱
飲,飲
飳,飳
飴,飴
뼞,飴
뼕,飵
飵,飵
뼖,飶
飶,飶
飸,飸
뼘,飻
飻,飻
飼,飼
飽,飽
뼠,飽
飾,飾
뼡,飾
뼣,餁
餁,餁
뼤,餂
餂,餂
뼦,餃
餃,餃
뼥,餃
餅,餅
뼭,餅
餇,餇
餈,餈
뼧,餉
餉,餉
養,養
뼢,養
뼫,餌
餌,餌
뼩,餌
뼪,餌
뼬,餌
섀,餌
餐,餐
뼮,餐
뼳,餑
餑,餑
뼴,餒
餒,餒
뼿,餒
餓,餓
뽀,餓
뼵,餔
餔,餔
뼷,餕
餕,餕
뼶,餕
뼺,餖
餖,餖
뼻,餗
餗,餗
뼼,餘
餘,餘
뽄,餚
餚,餚
뽢,餛
餛,餛
뽆,餜
餜,餜
뼽,餝
餝,餝
뽜,餝
뽈,餞
餞,餞
뽉,餟
餟,餟
뽌,餠
餠,餠
뽍,餡
餡,餡
뽐,餢
餢,餢
뽑,餣
餣,餣
뽒,餤
餤,餤
뽓,餦
餦,餦
뽕,餧
餧,餧
뽛,餧
館,館
뽘,餩
餩,餩
뽣,餪
餪,餪
뽤,餫
餫,餫
뽥,餬
餬,餬
뽦,餭
餭,餭
餮,餮
뽡,餮
뽬,餰
餰,餰
뽭,餱
餱,餱
뽮,餲
餲,餲
뽱,餳
餳,餳
餴,餴
뽳,餴
섁,餴
餵,餵
뾎,餶
餶,餶
뽾,餹
餹,餹
뽽,餹
뾂,餺
餺,餺
뾅,餻
餻,餻
뾉,餼
餼,餼
뾊,餽
餽,餽
뾋,餾
餾,餾
뽸,餿
餿,餿
뾌,饀
饀,饀
뾍,饁
饁,饁
뽷,饂
뽶,饂
뾏,饂
饂,饂
뾒,饄
饄,饄
뾔,饅
饅,饅
뾗,饆
饆,饆
섂,饆
뾘,饇
饇,饇
뾛,饈
饈,饈
뾜,饉
饉,饉
뽼,饉
뾦,饊
饊,饊
뾩,饋
饋,饋
뾬,饌
饌,饌
뾴,饌
뾭,饍
饍,饍
뾮,饎
饎,饎
뾯,饐
饐,饐
뾱,饑
饑,饑
뾰,饑
뾶,饑
뾲,饒
饒,饒
饔,饔
饕,饕
뾷,饕
뾿,饖
饖,饖
饗,饗
샚,饗
뾹,饗
뾸,饗
뾺,饗
샛,饗
뿀,饘
饘,饘
뾳,饙
饙,饙
饛,饛
뿃,饛
섃,饛
饜,饜
뿇,饜
뿊,饝
饝,饝
뿋,饞
饞,饞
饟,饟
뿌,饟
뿎,饠
饠,饠
뿐,饡
뿏,饡
首,首
馗,馗
馘,馘
香,香
馛,馛
馝,馝
馞,馞
馟,馟
馢,馢
馣,馣
馥,馥
馦,馦
馨,馨
馫,馫
馬,馬
馭,馭
馮,馮
馰,馰
뿕,馰
馱,馱
馲,馲
馳,馳
馴,馴
馵,馵
馷,馷
馹,馹
馺,馺
뿘,馺
馼,馼
뿙,馼
馽,馽
馿,馿
駁,駁
뿗,駁
駃,駃
駄,駄
駅,駅
駆,駆
駈,駈
駉,駉
駐,駐
뿛,駐
駑,駑
駒,駒
駓,駓
駔,駔
駕,駕
駘,駘
駙,駙
駚,駚
駛,駛
뿜,駛
駜,駜
駝,駝
駞,駞
駟,駟
駡,駡
駢,駢
駦,駦
駧,駧
駪,駪
駫,駫
駬,駬
駭,駭
駮,駮
뿞,駮
駰,駰
駱,駱
駲,駲
駴,駴
駵,駵
駸,駸
뿟,駸
駹,駹
駻,駻
駼,駼
駽,駽
駾,駾
駿,駿
騁,騁
騂,騂
騃,騃
騄,騄
騅,騅
騈,騈
騊,騊
騋,騋
騌,騌
騎,騎
騏,騏
騐,騐
騑,騑
騒,騒
験,験
騕,騕
騖,騖
뿣,騘
뿢,騙
騙,騙
騚,騚
騞,騞
騠,騠
騢,騢
騣,騣
騤,騤
騧,騧
騨,騨
騫,騫
騭,騭
騮,騮
뿤,騰
騰,騰
騱,騱
騳,騳
騵,騵
騶,騶
騷,騷
騸,騸
뿦,騺
騾,騾
驀,驀
驁,驁
뿥,驁
驂,驂
驃,驃
驄,驄
驅,驅
驇,驇
驊,驊
驋,驋
驌,驌
驍,驍
驎,驎
뿨,驎
驑,驑
驒,驒
驔,驔
뿪,驔
驕,驕
驖,驖
뿬,驖
뿫,驖
驗,驗
驘,驘
驚,驚
驛,驛
뿭,驛
驝,驝
驟,驟
驢,驢
驤,驤
驥,驥
뿯,驥
驩,驩
驪,驪
驫,驫
骨,骨
骪,骪
骬,骬
骭,骭
骮,骮
骯,骯
骰,骰
骲,骲
骴,骴
骵,骵
骶,骶
骷,骷
骸,骸
骹,骹
骻,骻
骼,骼
骾,骾
뿰,骾
骿,骿
髀,髀
髁,髁
髃,髃
髄,髄
髆,髆
髈,髈
髎,髎
髏,髏
髐,髐
髑,髑
髒,髒
髓,髓
샜,髓
體,體
髕,髕
뿱,髖
髖,髖
髗,髗
高,高
髙,髙
髛,髛
髜,髜
髞,髞
髟,髟
髠,髠
髢,髢
髣,髣
髤,髤
髥,髥
髦,髦
髧,髧
髩,髩
髪,髪
髫,髫
髬,髬
髭,髭
髮,髮
髯,髯
뿸,髯
髱,髱
뿹,髱
髲,髲
髳,髳
髴,髴
髵,髵
髷,髷
髹,髹
髺,髺
髻,髻
髽,髽
髿,髿
鬀,鬀
鬁,鬁
鬂,鬂
鬃,鬃
鬄,鬄
鬅,鬅
鬆,鬆
뿺,鬆
鬈,鬈
鬉,鬉
鬋,鬋
鬌,鬌
鬍,鬍
鬎,鬎
鬐,鬐
鬒,鬒
鬖,鬖
鬘,鬘
鬙,鬙
鬚,鬚
鬛,鬛
뿼,鬛
鬜,鬜
鬟,鬟
鬠,鬠
鬢,鬢
뿽,鬣
鬣,鬣
鬤,鬤
鬥,鬥
鬦,鬦
鬧,鬧
鬨,鬨
鬩,鬩
鬪,鬪
鬫,鬫
鬬,鬬
鬭,鬭
恵,鬭
鬮,鬮
쀁,鬮
쀂,鬮
쀃,鬮
샠,鬮
鬯,鬯
鬱,鬱
鬲,鬲
鬳,鬳
鬴,鬴
鬵,鬵
鬷,鬷
鬹,鬹
鬺,鬺
鬻,鬻
鬼,鬼
鬽,鬽
魁,魁
魂,魂
魃,魃
魄,魄
魅,魅
魈,魈
魋,魋
魌,魌
魍,魍
쀄,魍
魎,魎
魏,魏
쀅,魏
魑,魑
쀆,魔
魔,魔
魕,魕
魖,魖
魗,魗
魘,魘
魚,魚
魛,魛
魞,魞
魡,魡
魣,魣
魥,魥
魦,魦
魨,魨
魪,魪
魫,魫
魬,魬
魭,魭
魮,魮
魯,魯
魲,魲
魳,魳
魴,魴
魵,魵
쀈,魵
魶,魶
魷,魷
魸,魸
魹,魹
魻,魻
솄,魽
魿,魿
鮀,鮀
鮂,鮂
鮃,鮃
쀎,鮃
鮄,鮄
鮅,鮅
鮆,鮆
鮇,鮇
鮉,鮉
鮊,鮊
鮋,鮋
鮍,鮍
쀋,鮎
鮎,鮎
鮏,鮏
鮐,鮐
鮑,鮑
쀏,鮑
鮒,鮒
쀍,鮒
鮓,鮓
鮔,鮔
鮖,鮖
鮗,鮗
쀌,鮗
鮚,鮚
鮝,鮝
鮞,鮞
鮟,鮟
鮠,鮠
쀓,鮠
鮦,鮦
鮧,鮧
鮨,鮨
鮩,鮩
鮪,鮪
鮫,鮫
쀐,鮫
쀑,鮫
鮬,鮬
鮭,鮭
鮮,鮮
鮰,鮰
鮱,鮱
쀒,鮱
생,鮱
鮲,鮲
鮴,鮴
鮷,鮷
鮸,鮸
鮹,鮹
쀜,鮹
鮻,鮻
鮼,鮼
쀛,鮼
鮾,鮾
鮿,鮿
鯀,鯀
鯁,鯁
쀙,鯁
鯆,鯆
鯇,鯇
鯈,鯈
鯉,鯉
쀖,鯉
鯊,鯊
鯋,鯋
鯎,鯎
쀘,鯎
鯏,鯏
鯐,鯐
鯑,鯑
鯒,鯒
鯔,鯔
쀢,鯖
鯖,鯖
鯗,鯗
鯘,鯘
쀠,鯛
鯛,鯛
쀡,鯛
鯝,鯝
鯟,鯟
鯡,鯡
쀦,鯡
鯢,鯢
鯣,鯣
鯤,鯤
鯥,鯥
鯧,鯧
鯨,鯨
쀞,鯨
鯪,鯪
鯫,鯫
쀤,鯫
鯮,鯮
鯯,鯯
쀝,鯰
鯰,鯰
鯱,鯱
쀥,鯱
쀣,鯲
鯲,鯲
鯳,鯳
鯵,鯵
쀟,鯵
鯷,鯷
鯸,鯸
鯹,鯹
鯺,鯺
鯽,鯽
쀪,鯽
鯿,鯿
鰀,鰀
쀩,鰀
鰂,鰂
鰄,鰄
쀱,鰄
鰆,鰆
鰈,鰈
鰉,鰉
鰊,鰊
鰋,鰋
鰌,鰌
쀯,鰌
쀰,鰌
鰍,鰍
鰏,鰏
쀧,鰐
鰐,鰐
鰑,鰑
鰒,鰒
鰓,鰓
鰔,鰔
鰕,鰕
鰖,鰖
鰘,鰘
鰙,鰙
鰚,鰚
鰛,鰛
鰜,鰜
鰝,鰝
鰞,鰞
鰡,鰡
쀷,鰡
鰢,鰢
鰣,鰣
鰤,鰤
鰥,鰥
鰦,鰦
鰧,鰧
쀶,鰧
鰨,鰨
鰩,鰩
鰪,鰪
鰭,鰭
쀲,鰭
鰮,鰮
쀵,鰯
鰯,鰯
쀨,鰰
鰰,鰰
쀳,鰱
鰱,鰱
鰲,鰲
鰵,鰵
鰶,鰶
鰷,鰷
쀼,鰹
鰹,鰹
쀹,鰺
鰺,鰺
쀻,鰻
鰻,鰻
鰽,鰽
鰾,鰾
쀴,鱁
鱁,鱁
섄,鱁
鱃,鱃
鱄,鱄
鱅,鱅
鱆,鱆
鱇,鱇
쀺,鱈
鱈,鱈
鱉,鱉
鱊,鱊
鱍,鱍
鱎,鱎
鱏,鱏
쀿,鱏
鱐,鱐
쀽,鱒
쀾,鱒
鱒,鱒
鱓,鱓
鱔,鱔
鱖,鱖
鱗,鱗
쁀,鱗
鱘,鱘
鱚,鱚
鱛,鱛
鱜,鱜
鱝,鱝
鱞,鱞
鱟,鱟
鱠,鱠
鱣,鱣
鱥,鱥
鱧,鱧
鱨,鱨
鱩,鱩
鱪,鱪
鱫,鱫
鱭,鱭
鱮,鱮
鱰,鱰
鱲,鱲
鱵,鱵
鱶,鱶
쀉,鱶
쁁,鱶
鱷,鱷
鱸,鱸
鱺,鱺
鱻,鱻
鳥,鳥
쁄,鳦
鳦,鳦
鳧,鳧
鳩,鳩
鳫,鳫
鳬,鳬
鳰,鳰
鳲,鳲
鳳,鳳
鳴,鳴
鳶,鳶
鳷,鳷
鳹,鳹
鴂,鴂
鴃,鴃
鴆,鴆
鴇,鴇
쁇,鴇
鴈,鴈
섅,鴈
쁆,鴉
鴉,鴉
쁋,鴉
鴊,鴊
鴋,鴋
鴎,鴎
鴑,鴑
鴒,鴒
鴕,鴕
鴗,鴗
鴘,鴘
鴛,鴛
鴜,鴜
鴝,鴝
鴞,鴞
鴟,鴟
鴣,鴣
鴦,鴦
鴨,鴨
鴪,鴪
쁌,鴪
鴫,鴫
鴬,鴬
鴯,鴯
鴰,鴰
鴲,鴲
鴳,鴳
鴴,鴴
鴺,鴺
鴻,鴻
鴼,鴼
鴽,鴽
鴾,鴾
鴿,鴿
鵀,鵀
鵁,鵁
鵂,鵂
鵃,鵃
뤘,鵃
鵄,鵄
鵅,鵅
鵆,鵆
鵇,鵇
쁎,鵇
鵈,鵈
쁏,鵈
鵊,鵊
鵐,鵐
鵑,鵑
鵒,鵒
鵓,鵓
鵔,鵔
鵙,鵙
鵜,鵜
鵝,鵝
鵞,鵞
鵟,鵟
쁐,鵠
鵠,鵠
鵡,鵡
鵢,鵢
鵣,鵣
鵤,鵤
鵥,鵥
鵩,鵩
鵪,鵪
鵫,鵫
쁔,鵬
鵬,鵬
鵭,鵭
鵯,鵯
鵰,鵰
쁓,鵰
鵲,鵲
鵳,鵳
鵶,鵶
鵷,鵷
鵺,鵺
鵻,鵻
鵼,鵼
鵾,鵾
鶃,鶃
鶄,鶄
쁒,鶄
鶆,鶆
鶇,鶇
鶉,鶉
鶊,鶊
鶍,鶍
鶎,鶎
鶏,鶏
鶒,鶒
鶓,鶓
鶕,鶕
鶖,鶖
鶗,鶗
鶘,鶘
鶙,鶙
鶚,鶚
鶛,鶛
鶡,鶡
鶤,鶤
鶩,鶩
鶪,鶪
鶫,鶫
鶬,鶬
鶮,鶮
鶯,鶯
鶱,鶱
鶲,鶲
쁚,鶲
쁛,鶲
鶴,鶴
鶵,鶵
鶸,鶸
쁞,鶸
鶹,鶹
鶺,鶺
鶻,鶻
鶼,鶼
鶽,鶽
쁕,鶿
鶿,鶿
쁖,鷀
鷀,鷀
鷁,鷁
쁜,鷁
쁝,鷁
鷂,鷂
鷃,鷃
鷄,鷄
쁘,鷄
鷆,鷆
鷇,鷇
鷉,鷉
鷊,鷊
鷏,鷏
鷓,鷓
鷔,鷔
鷕,鷕
鷖,鷖
鷗,鷗
鷙,鷙
鷚,鷚
鷞,鷞
鷟,鷟
鷠,鷠
鷣,鷣
鷥,鷥
鷦,鷦
鷧,鷧
鷩,鷩
鷫,鷫
鷭,鷭
鷮,鷮
鷯,鷯
鷰,鷰
鷲,鷲
鷳,鷳
鷴,鷴
鷸,鷸
鷹,鷹
鷺,鷺
鷼,鷼
鷽,鷽
鷾,鷾
鸂,鸂
鸇,鸇
鸊,鸊
鸍,鸍
鸎,鸎
鸐,鸐
鸑,鸑
鸒,鸒
鸕,鸕
鸖,鸖
鸙,鸙
鸚,鸚
鸛,鸛
쁢,鸛
鸜,鸜
鸝,鸝
鸞,鸞
鹵,鹵
鹸,鹸
鹹,鹹
鹺,鹺
鹻,鹻
鹼,鹼
鹽,鹽
鹿,鹿
麀,麀
麁,麁
쁥,麁
麂,麂
麃,麃
麄,麄
麅,麅
麇,麇
麈,麈
麋,麋
麌,麌
쁩,麌
쁧,麎
麎,麎
麏,麏
麑,麑
麒,麒
麓,麓
麕,麕
麖,麖
麗,麗
쁨,麗
麘,麘
麛,麛
麝,麝
麞,麞
麟,麟
쁪,麟
麢,麢
麤,麤
麥,麥
麦,麦
麨,麨
麩,麩
쁭,麩
쁮,麪
麪,麪
麬,麬
쁱,麬
麭,麭
쁯,麭
샟,麭
麮,麮
麯,麯
麰,麰
쁲,麰
麳,麳
麴,麴
麵,麵
麸,麸
麹,麹
麺,麺
쁴,麻
麻,麻
麼,麼
냣,麼
麽,麽
냥,麽
麾,麾
돻,麾
쁵,麿
麿,麿
쁷,黀
黃,黃
黄,黄
黆,黆
黈,黈
쁸,黈
黋,黋
쁹,黋
黌,黌
쁺,黌
黍,黍
黎,黎
쁻,黎
黏,黏
黐,黐
黑,黑
黒,黒
黔,黔
쁾,黔
黕,黕
默,默
떎,默
黙,黙
黛,黛
삂,黛
黜,黜
쁿,黜
黝,黝
삁,黝
點,點
삀,點
黟,黟
黠,黠
삃,黠
黤,黤
黥,黥
삅,黥
黧,黧
黨,黨
삄,黨
黬,黬
黭,黭
黮,黮
黯,黯
삆,黯
黰,黰
黱,黱
黲,黲
黴,黴
삇,黴
黵,黵
黶,黶
黷,黷
삈,黷
黸,黸
黹,黹
삉,黹
黻,黻
삊,黻
黼,黼
삋,黼
黽,黽
삌,黽
黿,黿
鼂,鼂
鼃,鼃
鼇,鼇
삍,鼇
鼈,鼈
삎,鼈
삏,鼈
삐,鼈
삑,鼈
鼉,鼉
鼎,鼎
鼏,鼏
鼐,鼐
鼑,鼑
鼒,鼒
鼓,鼓
鼔,鼔
鼕,鼕
삓,鼕
鼖,鼖
鼗,鼗
鼙,鼙
鼚,鼚
鼛,鼛
삔,鼛
鼟,鼟
鼠,鼠
鼡,鼡
삕,𡿳
鼢,鼢
鼦,鼦
鼪,鼪
鼫,鼫
鼬,鼬
삘,鼬
鼯,鼯
鼱,鼱
삙,鼱
鼲,鼲
鼴,鼴
鼷,鼷
鼹,鼹
삚,鼹
鼺,鼺
삛,鼻
鼻,鼻
鼼,鼼
鼽,鼽
鼾,鼾
삜,鼾
鼿,鼿
齁,齁
齃,齃
齄,齄
齅,齅
齆,齆
齇,齇
괲,齊
齊,齊
齋,齋
괷,齋
괸,齋
뜠,齋
齎,齎
괼,齎
齏,齏
뻥,齏
齒,齒
齓,齓
齔,齔
齕,齕
齖,齖
齗,齗
齘,齘
齚,齚
齝,齝
齞,齞
齟,齟
齠,齠
齡,齡
齢,齢
齣,齣
齦,齦
齧,齧
齨,齨
齩,齩
齪,齪
齬,齬
齭,齭
齮,齮
齯,齯
齰,齰
齱,齱
齲,齲
齳,齳
齵,齵
齶,齶
齷,齷
齺,齺
齽,齽
龍,龍
삪,龍
삩,龍
삨,龍
삫,龍
龎,龎
龏,龏
龐,龐
龑,龑
龒,龒
龔,龔
龕,龕
龖,龖
龗,龗
龜,龜
삮,龜
삭,龜
띩,龝
龝,龝
띥,龝
䆋,䆋
龞,龞
龠,龠
龡,龡
龢,龢
龣,龣
龤,龤
龥,龥
뷹,龬
뷺,龬
뿧,龭
꺙,龴
땁,龽
똰,龾
댕,鿄
뚨,鿆
欄,欄
廊,廊
朗,朗
虜,虜
殺,殺
類,類
隆,隆
빵,隆
꺤,﨎
﨎,﨎
﨏,﨏
塚,塚
꽳,塚
﨑,﨑
끺,﨑
晴,晴
﨓,﨓
﨔,﨔
땆,凞
땏,凞
凞,凞
猪,猪
益,益
礼,礼
神,神
祥,祥
福,福
靖,靖
精,精
羽,羽
﨟,﨟
멬,﨟
멁,﨟
몬,蘒
몭,蘒
몮,蘒
몯,蘒
蘒,蘒
﨡,﨡
諸,諸
﨣,﨣
밵,﨤
뱇,﨤
뱈,﨤
뱉,﨤
﨤,﨤
逸,逸
都,都
뷯,﨧
﨧,﨧
﨨,﨨
﨩,﨩
飯,飯
飼,飼
館,館
鶴,鶴
侮,侮
僧,僧
免,免
勉,勉
勤,勤
卑,卑
喝,喝
嘆,嘆
器,器
塀,塀
墨,墨
層,層
屮,屮
悔,悔
慨,慨
憎,憎
懲,懲
敏,敏
既,既
暑,暑
梅,梅
渚,海
漢,渚
煮,漢
爫,煮
琢,爫
碑,琢
社,碑
떬,琢
祉,社
祈,祉
祐,祈
祖,祐
祝,祖
禍,祝
禎,禍
穀,禎
突,穀
節,突
練,節
縉,練
繁,縉
署,繁
者,署
臭,者
艹,臭
ꭧ,艹
艹,艹
著,著
褐,褐
視,視
謁,謁
謹,謹
賓,賓
믉,賓
贈,贈
辶,辶
逸,逸
難,難
響,響
뻨,響
頻,頻
녬,恵
딸,𤋮
뤆,舘
괅,𠀋
ꪢ,𠀋
ꪡ,𠂉
ꪣ,𠂢
ꪤ,𠂤
괮,𠅘
괯,𠅙
ꪥ,𠆢
괿,𠆤
끭,𠆻
굘,𠈉
ꪦ,𠈓
굪,𠉏
굩,𠉜
굶,𠋬
궇,𠌘
ꪧ,𠌫
ꪨ,𠍱
ꪩ,𠎁
궡,𠎧
궨,𠏆
ꪪ,𠏹
ꪫ,𠑊
궻,𠑽
귀,𠒖
ꪬ,𠔉
딝,𠔥
딞,𠔥
귭,𠖅
귿,𠖲
ꪭ,𠗖
ꪮ,𠘨
꺔,𠘭
ꪯ,𠝏
김,𠝸
ꪰ,𠠇
ꪱ,𠠺
긱,𠡍
깃,𠡼
ꪲ,𠢹
깘,𠤎
ꪳ,𠥼
깣,𠦄
깤,𠦄
ꪴ,𠦝
깨,𠦡
깦,𠦢
꺄,𠩤
쁽,𠪩
ꪵ,𠫓
꺖,𠫳
ꪶ,𠬝
꺨,𠮟
꺬,𠮷
껋,𠳓
ꪷ,𠵅
껌,𠵊
껠,𠵘
껞,𠵽
껝,𠶎
껐,𠶮
껑,𠶮
ꪸ,𠷡
ꪹ,𠹤
ꪻ,𠹭
ꪺ,𠺕
껱,𠻛
껾,𠻛
꼂,𠼦
ꪼ,𠽟
꼗,𠾺
꼚,𠿿
꼝,𡀔
꼞,𡀲
꾫,𡄻
꼷,𡆗
ꪽ,𡈁
꽆,𡈼
ꪾ,𡈽
꪿,𡉕
땫,𡉟
ꫀ,𡉴
꽊,𡉴
꫁,𡉻
꫃,𡋗
ꫂ,𡋤
꫅,𡋽
꽜,𡌌
꫄,𡌛
꽛,𡌛
꫆,𡌶
꫇,𡍄
꫈,𡏄
꾉,𡐹
꾄,𡑞
꾐,𡑞
꾃,𡑟
꾑,𡑟
꾆,𡑭
꫊,𡑭
꫉,𡑮
꫋,𡗗
꿀,𡘇
꫍,𡙇
꿖,𡙡
꫔,𡚴
꫎,𡜆
꫏,𡝂
뀂,𡢃
꫐,𡢽
뀄,𡣪
뀆,𡣪
꫑,𡧃
뀙,𡧇
뀟,𡨚
뙕,𡩏
끉,𡭎
끋,𡭎
㝸,㝸
끏,𡯎
꫒,𡱖
꫓,𡴭
꫕,𡵅
꫗,𡵢
꫖,𡵸
꫘,𡶒
꫚,𡶜
끩,𡶡
꫙,𡶡
끮,𡶶
ꫛ,𡶷
ꫜ,𡷠
꫞,𡸳
ꫝ,𡸴
끻,𡻅
끼,𡻕
꫟,𡼞
ꫠ,𡽶
ꫡ,𡿺
낖,𢀷
낕,𢀷
낞,𢁒
낮,𢂲
ꫢ,𢅻
ꯉ,𢈘
냔,𢉖
냜,𢉿
냚,𢊊
냳,𢌅
ꫣ,𢌞
ꫤ,𢎭
넩,𢒟
넲,𢓭
넷,𢔛
녃,𢖒
녇,𢖫
녔,𢘊
녗,𢘣
녤,𢙄
녰,𢚓
ꫥ,𢛳
놀,𢜎
놕,𢝫
놊,𢞖
놈,𢞧
놤,𢠵
놭,𢡚
놮,𢡚
ꫦ,𢡛
놳,𢡫
ꫧ,𢢫
ꫨ,𢦏
ꫩ,𢪸
ꫪ,𢭆
ꫫ,𢭏
ꫬ,𢭐
ꫮ,𢮦
ꫭ,𢰝
ꫯ,𢰤
눉,𢱒
꫰,𢷡
敩,𢽾
뉓,𢿙
뉕,𢿙
뉫,𣁧
뉰,𣃠
늖,𣆥
ꫳ,𣆶
ꫲ,𣇃
꫱,𣇄
ꫴ,𣇵
늨,𣈆
늧,𣈉
늮,𣈑
늲,𣈱
닎,𣋬
ꫵ,𣍲
꫶,𣏐
꫸,𣏒
꫷,𣏓
꫹,𣏕
꫺,𣏚
꫻,𣏟
꫼,𣏤
닾,𣏾
꫾,𣑊
꬀,𣑋
꫿,𣑑
꫽,𣑥
댒,𣑱
댹,𣓉
ꬁ,𣓤
ꬂ,𣕚
ꬄ,𣖔
ꬃ,𣗄
덐,𣗄
덭,𣗖
덣,𣗳
뎣,𣘸
꬇,𣘸
ꬅ,𣘹
꬈,𣘺
ꬆ,𣙇
ꬌ,𣜌
ꬊ,𣜜
ꬉ,𣜿
뎬,𣜿
뎦,𣝋
뎳,𣝋
ꬋ,𣝣
ꬍ,𣝤
뎶,𣝯
뎸,𣞀
돀,𣟧
꬏,𣟧
돌,𣟳
돐,𣟳
ꬎ,𣟿
꬐,𣠤
ꬑ,𣠽
ꬒ,𣪘
돹,𣭐
됄,𣱜
ꬓ,𣱿
되,𣲙
됖,𣲥
됓,𣲨
됟,𣲨
될,𣳑
됥,𣳯
ꬔ,𣳾
ꬕ,𣴀
ꭙ,𣴎
됧,𣴙
ꬖ,𣵀
됵,𣵛
둌,𣷉
꬙,𣷓
꬘,𣷹
둑,𣷹
꬗,𣷺
둟,𣸲
둠,𣸲
둳,𣻌
뒶,𣽽
꬚,𣽾
듡,𤁋
꬛,𤂖
듢,𤂣
꬜,𤄃
꬝,𤇆
꬞,𤇾
딟,𤊅
딷,𤋮
딯,𤋱
딬,𤋾
땂,𤍽
꬟,𤎼
땐,𤏁
땑,𤏐
ꬠ,𤘩
땻,𤙵
ꬡ,𤚥
땽,𤜶
떇,𤟡
ꬢ,𤟱
떌,𤠸
ꬣ,𤢖
떕,𤣩
떟,𤤭
떞,𤤯
떫,𤥯
뗆,𤨏
뗍,𤨭
ꬤ,𤩍
뗗,𤩶
ꬥ,𤭖
ꬦ,𤭯
꬧,𤰖
똀,𤴓
ꬨ,𤴔
ꬩ,𤸎
ꬪ,𤸷
ꬫ,𤹪
ꬬ,𤺋
똦,𤽤
ꬭ,𥁊
ꬮ,𥁕
똼,𥂀
뙀,𥄂
뙂,𥄂
뙁,𥄂
꬯,𥄢
뙇,𥄯
뙔,𥆒
샅,𥆒
ꬰ,𥆩
ꬱ,𥇍
ꬲ,𥇥
뙛,𥇦
ꬴ,𥈞
ꬳ,𥉌
ꬵ,𥐮
ꬶ,𥒎
뙿,𥒼
뙵,𥓉
ꬷ,𥓙
ꬸ,𥔎
뚎,𥕞
ꬹ,𥖧
뚙,𥘇
뚛,𥘇
뉆,𥘦
뉇,𥘦
뚵,𥘬
뛆,𥘬
뚼,𥘰
뛄,𥘰
꿈,𥘾
뛈,𥘿
뛃,𥙀
뛓,𥙖
뛟,𥙮
뛩,𥙮
뛫,𥚃
뜈,𥛆
뜍,𥛆
뜎,𥛙
뜓,𥛙
뜏,𥛜
뜒,𥛜
뜖,𥛲
뜟,𥛲
뜛,𥛶
뜤,𥜅
뜧,𥜅
뜫,𥜒
뜨,𥜒
뜰,𥜦
뜳,𥜦
ꬺ,𥝱
뜸,𥞏
ꬻ,𥞩
ꬼ,𥞴
띎,𥠵
띐,𥡂
닚,𥡳
띙,𥢗
띹,𥦭
ꬽ,𥧄
ꬾ,𥧔
랁,𥨇
래,𥪮
랚,𥫃
ꭀ,𥫣
ꬿ,𥫤
ꭁ,𥫱
랠,𥫳
랟,𥬇
ꭂ,𥮲
럁,𥯛
ꭃ,𥱋
ꭄ,𥱤
ꭅ,𥶡
ꭆ,𥸮
ꭇ,𥹖
ꭈ,𥹢
ꭉ,𥹥
ꭊ,𥻂
ꭋ,𥻘
ꭌ,𥻨
ꭍ,𥼣
ꭎ,𥽜
ꭐ,𥿔
ꭏ,𥿠
ꭒ,𥿻
렜,𥿽
ꭑ,𦀌
ꭓ,𦀗
렠,𦀛
ꭔ,𦁠
ꭕ,𦃭
롚,𦄂
롣,𦅘
롗,𦅥
롡,𦅩
롨,𦇗
롫,𦇗
롮,𦇞
ꭖ,𦉰
ꭗ,𦊆
ꭘ,𦍌
롻,𦍛
뢆,𦏁
샊,𦏁
색,𦏁
ꭚ,𦐂
뢊,𦐈
뢨,𦓎
룄,𦗟
꭛,𦙾
룓,𦚤
룔,𦚯
룕,𦚯
ꭜ,𦚰
ꭝ,𦜝
룴,𦢪
룵,𦢪
ꭞ,𦣝
ꭟ,𦣪
룺,𦥄
ꭠ,𦥑
ꭡ,𦥯
ꭢ,𦧝
ꭣ,𦨞
ꭤ,𦩘
ꭥ,𦪌
뤚,𦪭
뤛,𦪭
ꭦ,𦪷
ꭨ,𦫿
뤨,𦬞
뤩,𦬞
샵,𦭨
꫌,𦰩
맦,𦱄
ꭩ,𦱳
맂,𦱳
맃,𦲪
꭪,𦳝
망,𦴻
먑,𦴼
꭫,𦹀
먀,𦹇
먯,𦹇
꭬,𦹥
먥,𦻗
먺,𦼯
멩,𦼯
꭭,𦾔
꭯,𦿶
ꭰ,𦿷
면,𧀹
몐,𧀹
ꭱ,𧃴
ꭲ,𧄍
ꭳ,𧄹
뫎,𧋬
ꭶ,𧏚
ꭵ,𧏛
ꭴ,𧏾
ꭷ,𧐐
ꭸ,𧑉
뫫,𧒊
뫳,𧔥
뫵,𧔥
뫹,𧗠
뫼,𧗷
ꭺ,𧘔
ꭹ,𧘕
ꭻ,𧘱
묇,𧙗
ꭼ,𧚄
ꭽ,𧚓
ꭾ,𧜎
묙,𧜏
묚,𧜏
ꭿ,𧜣
ꮀ,𧝒
묫,𧞸
묭,𧞸
솅,𧥱
ꮁ,𧦅
ꮂ,𧪄
뮖,𧬇
뮤,𧮇
뮧,𧮇
ꮃ,𧮳
ꮄ,𧮾
ꮅ,𧯇
꾛,𧯾
뮲,𧰼
ꮆ,𧲸
솆,𧴫
ꮇ,𧶠
ꮈ,𧸐
믕,𧸙
믘,𧸙
믜,𧸽
믞,𧸽
믤,𧺛
ꮉ,𧾷
ꮊ,𨂊
믴,𨂋
ꮋ,𨂻
밐,𨉲
ꮌ,𨉷
ꮍ,𨊂
밖,𨋂
솇,𨋓
ꮎ,𨋳
밙,𨌎
밠,𨍓
ꮏ,𨏍
ꮐ,𨐌
밭,𨑍
밬,𨑍
백,𨑒
배,𨑒
ꮑ,𨑕
뱀,𨑭
밿,𨑭
뱅,𨒉
뱄,𨒉
뱙,𨒌
뱘,𨒌
뱲,𨒭
뱱,𨒭
뱴,𨒰
뱳,𨒰
벅,𨓅
벘,𨓅
번,𨓤
벇,𨓤
벰,𨓵
벯,𨓵
볅,𨔝
볞,𨔝
볈,𨔟
볢,𨔟
볎,𨔧
볡,𨔧
볐,𨔫
볏,𨔫
볳,𨕠
볲,𨕠
복,𨕣
보,𨕣
볹,𨕥
본,𨕥
ꮒ,𨕫
볪,𨕫
봉,𨖈
봈,𨖈
봌,𨖊
봋,𨖊
봠,𨖹
봲,𨖹
봺,𨖻
봳,𨖻
봤,𨖿
봮,𨖿
ꮓ,𨗈
ꮔ,𨗉
뵃,𨗱
뵂,𨗱
뵭,𨘢
뵬,𨘢
뵲,𨘷
뵱,𨘷
뵵,𨙂
뵴,𨙂
뵸,𨙕
뵷,𨙕
뵼,𨙙
뵻,𨙙
뵹,𨙚
뵿,𨙚
뵾,𨙟
뵽,𨙟
붍,𨚪
붑,𨚺
ꮕ,𨛗
ꮖ,𨛺
붗,𨜟
뷁,𨤿
뷊,𨥅
ꮘ,𨥆
ꮗ,𨥉
ꮙ,𨥫
뷚,𨥳
ꮚ,𨦇
ꮛ,𨦈
뷪,𨦸
ꮜ,𨦺
ꮝ,𨦻
뷵,𨧿
ꮞ,𨨞
븂,𨨟
ꮟ,𨨩
ꮡ,𨩃
븎,𨩗
블,𨩠
ꮠ,𨩱
븕,𨩱
ꮢ,𨪙
ꮣ,𨫍
ꮥ,𨫝
ꮤ,𨫤
븻,𨭎
ꮦ,𨯁
ꮧ,𨯯
빏,𨯯
빘,𨳝
ꮨ,𨴐
ꮩ,𨵱
빫,𨶹
ꮪ,𨷻
ꮫ,𨸟
ꮬ,𨸶
빯,𨹏
ꮭ,𨺉
ꮮ,𨻫
뺂,𨻶
ꮯ,𨼲
뺎,𨾡
ꮰ,𨿸
뺜,𩂊
뺱,𩇕
뺲,𩇕
ꮱ,𩊠
ꮲ,𩊱
ꮳ,𩒐
ꮴ,𩗏
ꮵ,𩙿
뻾,𩚂
뻿,𩚂
뼄,𩚅
뼃,𩚅
뼇,𩚈
뼆,𩚈
뼐,𩚕
뼎,𩚕
뼋,𩚖
뼊,𩚖
뼔,𩚩
뼓,𩚩
뼛,𩚹
뼚,𩚹
뼝,𩛆
뼜,𩛆
뼲,𩛞
뼱,𩛞
뼹,𩛥
뼸,𩛥
ꮶ,𩛰
뽃,𩛺
뽂,𩛺
뽋,𩜆
뽊,𩜆
뼾,𩜈
뽝,𩜈
뽏,𩜋
뽎,𩜋
뽗,𩜏
뽖,𩜏
뽚,𩜗
뽙,𩜗
ꮷ,𩜙
뽟,𩜙
뽨,𩜯
뽧,𩜯
뽫,𩜴
뽪,𩜴
뽰,𩜹
뽯,𩜹
뽴,𩜿
ꮸ,𩝐
뾀,𩝙
뽿,𩝙
뾇,𩝝
뾆,𩝝
뽵,𩜿
뾓,𩞀
뾑,𩞀
뾖,𩞃
뾕,𩞃
뾐,𩞍
뾣,𩞍
뾚,𩞏
뾙,𩞏
뾞,𩞑
뾝,𩞑
뾥,𩞡
뾤,𩞡
뾨,𩞥
뾧,𩞥
뾫,𩞧
뾪,𩞧
뾠,𩞫
뾟,𩞫
뾢,𩞭
뾡,𩞭
뾵,𩞯
뾼,𩞷
뾻,𩞷
뾾,𩟄
뾽,𩟄
뿂,𩟋
뿁,𩟋
뿉,𩟱
뿈,𩟱
뿒,𩟽
뿓,𩟽
뿚,𩢔
ꮹ,𩣆
뿮,𩦪
ꮺ,𩩲
뿲,𩪷
뿳,𩪷
뿴,𩫆
쀇,𩵋
쀕,𩷆
ꮻ,𩷛
ꮽ,𩸕
ꮼ,𩸽
쀚,𩸽
ꮾ,𩹉
ꮿ,𩺊
쀬,𩺊
ꯀ,𩻄
ꯁ,𩻛
ꯂ,𩻩
쁅,𩾟
ꯃ,𩿎
ꯄ,𪀚
ꯅ,𪀯
쁍,𪀯
ꯇ,𪂂
ꯆ,𪃹
ꯈ,𪆐
꾠,𪉩
꾡,𮭭
ꯊ,𪎌
쁼,𪏻
ꯋ,𪐷
뙏,𪔂
뙐,𪔂
삒,𪔂
ꯌ,𪗱
ꯍ,𪘂
ꯎ,𪘚
ꯏ,𪚲
괏,𫝁
괣,𫝄
괟,𬽌
셐,亐
괂,𫝀
굂,𫝆
괪,𫝅
구,𪝆
굱,𫝉
궚,𫣒
귕,𫝌
귚,𠔥
귛,𠔥
긜,𫝐
깈,𫝑
꾹,𫝢
깥,𫝒
샥,恊
쁤,𫝖
꺈,𫝗
굙,𫝇
껛,器
꼄,𭊌
꽃,圖
꽏,𡊙
꽐,𡊙
꽕,𫝔
꽣,𫮅
꽪,𫝟
꽷,𭏕
똻,𫞱
꽺,𫝠
꾅,𫝡
꾗,𭐀
꾦,壽
꾼,𫝣
꿉,𫝤
뀍,𪦺
뀕,𫝯
뀫,𭔃
뀰,𫝰
뀹,𫝱
끔,𫝲
끞,𫵴
끠,𫝳
끫,𪨬
귤,𫝍
꼨,𫝝
댣,巢
괆,左
빗,𫔙
낫,𭘧
냀,𭘾
냄,幸
냐,𫝷
냒,𫝶
냎,𫝷
뱎,𨒂
널,𭚶
랉,𫝸
녎,𫝹
녜,𭜴
머,𪷂
뇂,𫻛
뇃,𫻛
괒,𬻐
괓,𫝂
눺,𫝿
셢,𫾻
뉎,𢾾
뉗,𭤋
뉳,𫞀
뉵,𫞁
뉽,𬀧
늉,𫞃
늑,𫞄
룚,𫞆
룛,𫞇
닼,𫞈
댔,𫞉
댓,𫞊
댦,𪲒
덇,𣓪
덛,𬃾
덩,𫞌
덨,㯍
샫,𫞏
덾,𫞎
덽,𫞍
뎔,𫞐
뎨,𫞑
뎵,𫞒
뎲,𣞀
돢,𫞓
돡,歲
돿,𫞕
됀,𫞖
됺,𫞘
뒬,𫞙
뒼,𫞜
듅,𣾰
듪,𫞞
딕,𫞟
땋,𪹥
궤,𫝃
끂,將
꺕,𠫚
떃,𫞤
괌,𭺫
뗱,𫞪
묅,𫞫
뗼,𪽘
뢧,𫦶
뗽,𭻰
뗾,𭻵
똤,𫞮
똴,𫞯
뙎,𬑎
뙋,眞
뙈,𫞲
뚧,𫀃
뛘,𫞴
뛣,𫞵
뜚,𫞶
띅,𫀹
띃,𫞸
띬,𫞹
랇,𫞺
랜,𬔬
랩,𮅒
량,𫞾
랺,𫞿
럛,𫂣
샴,𫟀
렻,𫟁
롛,繫
롷,𫟈
룈,肅
룤,𫆨
귎,𭁇
귏,𭁈
꾺,𫝢
꾽,𫝣
륅,𫟍
륊,𫟌
률,𮎰
름,𫟎
릊,𫟐
릅,荒
릉,𫟏
릚,𬜷
리,𬜻
맙,𫟒
맓,𫟓
먂,蔻
먁,𫟔
멕,𫟖
메,䕃
뫽,𫟘
샺,𫟙
뫿,衛
묌,𫟚
묨,𫌓
샼,𫟛
뭂,𫟜
뮣,𫟝
꿘,𫰀
긬,辨
꺀,𫝕
병,𫟨
벽,𨔻
볓,𫟩
봧,邉
뵎,𫟪
뵆,邊
붽,𫟯
뷡,𫟰
븆,𫒼
븛,𫒼
븡,𫟱
빃,𫓔
빆,𫓐
빅,𮣐
빷,𫠃
뺔,難
뺙,𫕟
뻎,𮧟
년,𫹨
뼟,養
쀊,鮎
쁃,𫠓
쁉,𫠔
쁡,𫠕
삖,𤔆
삗,𫠘
산,𫠝
관,𬺰
괄,兀
괋,才
괎,𬺽
광,𬻇
괖,𬻎
괗,𫝁
괘,𬻛
괜,𬻸
괳,襄
괴,𮮻
괵,𬽚
괶,𬽙
괹,齋
괺,𬽝
괾,𬽠
굁,𫝆
굅,𬽧
굈,𬽤
굊,𬽫
굋,𬽩
굍,伊
굎,𠇍
교,你
굕,𬽶
굖,𬽷
굗,𬽮
굠,𬾁
굡,𠉌
굢,𬾄
굫,𬾎
국,侃
굵,𬾚
궀,𬾻
궁,𪝒
궄,𬾹
궋,𠔥
궍,會
궙,𬿛
궞,儈
궩,𬿶
궪,𬿭
궫,𠏉
궴,𭀉
궾,𫤘
귂,𭀨
귃,𭀨
귋,𫝆
귐,𭁈
귑,𭁈
귒,𭁉
귔,酋
귖,𫝌
귙,𫤰
규,𭁕
귝,𫤰
귞,𫤰
귟,𭁗
귡,𭎈
귢,𭁨
귣,𭁦
귩,𭁲
귬,𭁴
귴,𭁶
귶,𭁼
극,𪞖
귺,𭂈
귽,𪞙
귾,𪞗
글,𭂎
긃,𭂑
긄,𭂓
긅,𭂔
긆,𭂗
긇,𭂚
금,𭂜
급,𪞮
긊,凞
긋,𭂫
긎,𭂴
긏,𭂳
긗,𫥻
긚,𪟄
긟,𭃤
긠,𭃰
긧,𭃿
긭,辨
긲,𬻎
긴,𭄥
길,㔟
긹,𫦱
긻,𭄳
깁,勘
깂,勘
깅,勤
깆,勤
깍,𭅁
깎,𭅀
깗,𭅍
깙,𭅔
깞,𫧍
깠,𭅟
깡,𭅠
깩,𫝓
깭,博
깯,𫧤
깰,𫧤
깱,𫧤
깲,𫧤
깹,𭅹
깼,𭅼
깿,𭆁
꺁,𫝕
꺂,𭆃
꺃,𭆄
꺇,𪠈
꺊,𭆐
꺑,𭆔
꺥,𭆷
꺳,𭇊
꺴,𭇆
꺼,𭇑
꺽,𭇗
꺾,吟
껂,𭇖
껏,𭈝
껜,𫪒
껟,𫪭
껧,𭉇
껴,嗔
껵,𫫌
껶,𭉠
껷,𭉠
껺,𭉩
껼,𭊊
껽,𭉢
꼁,𭉠
꼇,𭊏
꼈,𭊉
꼒,𭋆
꼓,嘼
꼕,𪢍
꼖,𠾏
꼙,嘠
꼦,𫬇
꼫,𭍶
꼲,𭌰
꼵,囎
꼶,𭍏
꼽,𭍦
꼿,圑
꽌,𭎀
꽍,𭍻
꽓,𭎅
꽗,𭎛
꽚,𭎢
꽟,𭎤
꽡,𭎜
꽦,𭎮
꽮,𫮍
꽯,𡍼
꽶,𭏍
꽸,𭏐
꾕,𡒃
꾖,𭏾
꾙,龼
꾟,壓
꾣,𭐊
꾤,𭐒
꾥,壷
꾧,𭉠
꾩,𭐙
꾪,𡄜
꾭,𭐦
꾮,𭐮
꾯,𭐰
꾲,𭐠
꾳,𭐢
꾴,𭐥
꾵,𭐧
꾸,𫝢
꾾,𭑂
꿁,𪥄
꿃,𭑋
꿇,𭑍
꿋,𭑖
꿎,𭑚
꿑,𭑜
꿓,𫯱
꿔,𫯱
꿕,𭑞
꿙,奰
꿛,𭑪
꿠,𭑮
꿡,𭑯
꿳,𭒀
꿹,𭒑
꿻,𭒔
뀀,𭒗
뀁,𭒞
뀉,𭒸
뀊,𭒼
뀌,𭒽
뀎,𭓇
뀏,𭓈
뀒,𭓘
뀓,𭓕
뀗,𫝯
뀚,𭓦
뀠,𭓳
뀡,𡧽
뀥,𫳐
뀪,𭓻
뀴,寛
뀻,𭔗
뀼,𭔟
뀾,寶
끀,將
끃,𡬶
끇,𭔶
끈,𭔷
끌,𭕄
끗,𭕙
끛,𭕥
끜,𭕯
끝,𡵳
끡,𭖃
끧,岑
끨,𭖌
끪,𭖓
끳,𭖫
끷,𭖬
끸,𭖩
끽,𭗃
낂,𭗇
낃,𭗕
낄,𭗕
낆,𭗔
낇,𫶝
낉,𭗪
낋,𭗭
낌,巖
낐,𭗶
낑,巖
낙,巻
낟,㠶
날,𭘒
낡,𭘑
낢,乕
낣,𭘚
낦,𭘘
내,𭘩
낵,𭘫
낶,𫷊
낺,幤
냆,𭙍
냇,𭙒
냈,𭙔
냋,𭙡
냏,𫝶
냑,𫝷
냖,𭙧
냘,庸
냦,𭙯
냧,𭙱
냫,𭙸
냬,𭙶
냯,𭚀
냰,𭚂
냱,𭙽
냴,𭚑
넄,𭚟
넅,𭚣
넆,弓
너,𭚪
넌,𭚬
넍,𭚮
넏,𭚴
넑,𭚶
넓,𭚶
넔,𭚶
넕,𭚶
넖,𭚶
넗,𭚺
넘,𭚿
넙,𭛂
넛,𭛅
넜,彅
넟,𭛌
넡,𭛍
네,彚
넨,𫝸
넫,𭛝
넬,𭛝
넮,𭛞
넰,𭛣
넱,𭛧
넳,𭛪
넸,𭛳
넺,從
넾,徳
녀,𭜂
녁,𭜈
녅,𭜊
녈,𭜐
녋,𭜐
념,𭜑
녑,𭜘
녕,𭜡
녖,𭜛
녚,𭜙
녡,悟
녣,𭜮
녥,𭜮
녩,𭜾
녪,𢚕
녫,𭝅
녭,𫺔
녮,𭜶
녱,𭝆
녴,𪬃
녻,𢝼
녾,𭝑
놁,𭝝
놃,𭝌
놄,𭝙
높,𭝡
놓,惠
놔,𭝢
놚,𭞁
놜,𭝷
놞,𭝨
놟,𭐫
놣,𭞞
놩,慧
놫,𭞘
놬,𭞵
놱,𭞏
놲,懋
놷,𭞾
놸,𭞾
놺,𭟁
놻,𭟄
뇇,𭟮
뇋,𭟱
뇌,𭟱
뇏,𭟹
뇚,𭠍
뇴,𭡈
눆,𭡷
눌,𫝼
눘,𭡸
눟,操
눣,𭢏
눦,𭢅
눬,𭢧
눮,𭢘
눱,𭢯
뉀,𭣄
뉌,𫾹
뉐,數
뉑,𭤄
뉚,𭤃
뉞,斉
뉟,𭤕
뉠,𭤘
뉢,𭤘
뉣,𭤖
뉤,𭤖
뉥,𭤗
뉦,𭤙
뉧,𦍡
뉩,𭤛
뉬,𣁽
뉭,𭤣
뉯,㫄
뉱,𭤯
늄,𭥜
늇,𭥚
늈,𭥘
늊,𭥦
늋,𭥧
늌,昇
늏,𫞂
늓,𭥸
는,𭥧
늕,𭦀
늙,𭦁
늠,𭦑
늡,𪰧
능,𭦙
늦,𭦚
늫,𬀻
늬,𭦠
늭,𭦛
늯,晫
늶,𭦩
늷,𭦽
늹,曉
늻,𭧌
닀,𭧠
닁,𭧛
닇,𭧽
니,𭧩
닊,𭧵
닐,𭨍
닒,𭨔
닕,𪰖
님,晶
닙,𭦨
닢,𭨰
닯,𭨹
당,𭩜
대,𭩟
댉,枔
댊,柗
댋,𭩩
댌,𭩧
댠,𭩳
댬,𫞉
댲,𭪒
댳,𭪈
댾,𭪮
댿,𭪚
덁,𭪯
덂,𭪛
덄,𪲧
덅,𭪲
덆,𭪜
덈,𪲪
덒,𭪶
덜,𭫍
덥,𭫕
덬,槢
덮,𭫚
덲,𭫜
덳,𭪼
덴,𭫓
덶,𪳏
덿,𫞎
뎀,𫞎
뎃,樮
뎆,𭫢
뎇,𭫿
뎋,𭫸
뎌,𭫯
뎑,𭫰
뎠,𪴃
뎢,𭬁
뎤,𬄣
뎥,𭬂
뎰,𪴃
뎱,𭬊
돈,𭬤
돊,權
돍,𭬯
돓,𭬴
돖,𭤠
돘,欿
돚,𭭒
돞,𭭘
돟,𭭦
돣,𫞓
돤,𫞓
돦,歳
돧,𭭰
돩,𭮃
돪,𭮎
돬,𭮗
돱,𭮫
돳,𭮵
돵,𭮴
돶,𬆲
돷,𭯃
됅,求
됊,𬇕
됌,𬇔
됍,𭯶
됦,𭰑
됩,𣳾
됪,𣳾
됬,𭰣
됳,津
됶,𪶉
됷,𭰯
됸,𪶊
됻,淵
됼,淵
둄,𭰰
둅,𭰩
둍,𭰼
둗,𭱄
둜,𭱚
둝,源
둞,𭱏
둡,淵
둢,湛
둤,𭰱
둥,𭱎
둩,𭱅
둪,𭱆
둴,𭱰
둹,𭱱
둺,𭱩
둻,𭱪
뒀,𣺤
뒁,𭱴
뒂,𬈘
뒃,𭱢
뒆,𭱮
뒎,𭲃
뒏,𭲄
뒐,𬈬
뒑,𭲋
뒒,𭱼
뒓,𭲌
뒘,𭲍
뒙,滿
뒛,滿
뒜,𣼛
뒝,𣼛
뒞,𣼛
뒟,𣼛
뒠,𣼛
뒡,𭱽
뒢,𭱽
뒣,𭲒
뒦,𭲅
뒧,𭱷
뒱,潭
뒷,𭲓
뒸,𭲧
뒻,𭲠
뒽,𫞜
뒾,𭲞
뒿,𭲞
듄,𭲔
듍,濵
듏,𭳈
듐,𪷤
듑,𭲮
듒,𭲳
듚,𭳁
듣,𭳚
들,𭲾
듥,𭳊
듭,𭳗
듯,𭳓
듰,𭳓
등,𭳓
듲,𭳓
듷,𭳐
듸,𭳖
딂,𭳩
딃,𭳓
딆,𭳠
딇,𭳣
딈,𭳤
딉,𭳯
딊,𭳯
디,𭴖
딘,𭴫
딙,𭴬
딚,焏
딛,𤊅
딠,𤊅
딡,𭴿
딢,𭴻
딣,𭴽
딭,𤋜
따,𭵋
딱,𭵙
딼,𭶉
딽,𭵳
딾,𭵝
딿,𭵨
땈,𭶂
땉,𭵺
땊,𭵴
땓,𤏁
땔,𤏁
땙,𭶒
땚,𭶌
땮,將
땯,𭷄
땸,𭷙
땹,𭷘
땺,𬌟
땼,犂
땿,𭸈
떀,𬌲
떁,𭸍
떄,𭸒
떈,𭸠
떋,𭸡
떔,玈
떖,𭸵
떘,𭸶
떝,玪
떠,𭸼
떢,𪻘
떤,𭹄
떪,琪
떮,𭹖
떰,𤦛
떲,𭹗
떴,瑊
떶,𬍳
떼,𭹣
떽,瑙
뗀,𭹤
뗁,𪼃
뗌,㻨
뗏,𭹲
뗒,𭹽
뗓,𭹼
뗔,𭹷
뗲,𭺱
뗴,𬎾
뗵,𪧟
뗹,𭻌
뗺,𭻒
뗻,𭻙
뗿,𭻸
똂,𫞬
똅,𭼎
똊,𮍒
똘,𭼸
똝,𭼼
똞,𭽅
똢,𭽋
똣,𭽍
똧,𭽏
똪,𭽙
똫,𭽜
똬,𭽞
똳,𭽸
똷,𭽿
똹,益
똾,𭾇
뙍,𭾦
뙗,𠤤
뙘,𠤤
뙜,𪾲
뙡,䁱
뙢,䁱
뙥,𭿦
뙦,𭿩
뙪,𭿿
뙬,𮀁
뙭,𮀃
뙯,𮀇
뙳,𮀐
뙹,𮀠
뙺,𬒑
뚅,𮀯
뚆,𮀳
뚈,𮀶
뚏,𮀿
뚐,𮁃
뚩,祖
뚿,𬒳
뛁,𮁣
뛂,𮁢
뛋,𮁩
뛌,𮁤
뛍,𮁯
뛔,𮁴
뛕,𮁲
뛜,𮁰
뛝,𮁶
뛧,𫀏
뛬,𮁹
뛳,𬓆
뛴,𬓇
뜁,𮂇
뜋,𥚺
뜌,禪
뜑,𮂏
뜔,𮂔
뜝,𮂚
뜞,𮂗
뜥,𮂜
뜮,𮂢
뜯,𮂧
뜴,𮂯
뜵,𮂲
뜹,𮂺
뜺,𮂺
뜻,𮃁
뜼,𮂼
뜾,𫀷
띁,𬓬
띊,𬓲
띋,稽
띌,𮃗
띑,𮃜
띓,穂
띖,穐
띚,𮃬
띛,𮃬
띜,𮃰
띞,𫚴
띡,𫁈
띦,𮃴
띧,穰
띨,龝
띫,𫞹
띴,𪩶
띸,𮄂
띺,𮄁
랈,𮄧
랍,𮄮
랎,𮄭
랐,𮄯
랑,𮄱
랔,𮄴
랖,𮄵
랛,𮄿
랢,𥬁
랣,笑
랦,𮅉
랫,𮅔
랯,𫂉
랱,𮅞
랿,𮅡
럀,𥱋
럊,𮅯
럌,𮅰
럍,𮅰
럎,𫞽
럏,篦
럕,𮆆
럙,𮅶
럟,籏
럤,𮆯
러,𮆶
럯,𮆪
럶,𮇋
럷,𮇜
럸,𮇞
럼,𮇩
렀,𬖰
렁,𮇵
렂,鿯
렐,𮈃
렔,𮈆
렖,𮈇
렙,絚
렞,𮈌
렟,𮈏
련,𬗚
렬,𬗙
렭,𮈕
렳,網
렶,𮈜
렷,𫃬
롃,𮈦
롆,綞
롇,𮈰
롢,𮉈
롬,繿
롯,𮉱
롰,𮉸
롴,𮊅
롸,𮊢
롼,𫟈
롽,𮊥
뢀,𮊫
뢂,𮊪
뢐,𮊾
뢑,𮋁
뢔,𫅨
뢥,𮋚
뢯,𮋦
뢳,𫟉
뢴,𮋮
뢸,𮋰
뢺,𮋸
뢻,𮋹
룇,𮌂
룏,𮌏
룐,𮌐
룖,𮓢
룙,𬚽
룞,𮌛
루,𮌦
룫,𮌷
룳,𮌺
룶,𮍈
룸,𦤼
룻,𮍣
룽,𮍧
룿,𫟋
뤀,𫟋
뤁,𮍫
뤂,𮍬
뤃,𮍭
뤄,𮍰
뤅,舎
뤕,𮎍
뤰,𮎢
뤲,𮎣
륇,𫟍
륟,荒
륡,𮎰
륢,𮎰
르,𮎪
륺,𮎸
릆,𮎻
릇,荒
릈,𮏇
릐,𮏀
릑,𦯌
릗,𮏌
릘,𮏍
릭,𬜻
릮,𬜻
릷,𮏐
릸,蓈
릹,𮏞
릿,𦲞
맀,龿
링,𮏁
맋,𮏒
맜,𮏧
맞,𮏿
맟,𮏦
맧,𮏣
맩,𬝘
맪,𮏥
맺,𫈴
맻,𮏳
먃,蔲
먏,蔡
먐,𮐇
먬,𮐩
멀,𮐹
멂,𮐻
멞,𮑝
멟,𬞦
멠,𮑛
멢,𮑜
멷,𬞼
멸,𮑠
멹,𮒔
멺,𮑼
멼,𮒋
몀,藤
몆,𮒛
몈,𮒘
몋,𬟘
몎,𮒜
몚,蘖
몛,蘒
몦,𮓀
몱,𮓛
몵,𫊟
몷,𮓦
몸,𮓯
못,𮓼
몾,𮓺
뫂,𮓽
뫇,𮔈
뫓,𮔗
뫤,𮔰
뫱,𮕋
뫻,𧗮
뫾,𫟘
묀,衣
묁,𮕤
묂,𮕥
묏,𮖇
묓,𮖛
묘,𬡥
묥,鿋
묦,𮖯
묩,𮖻
묵,𮗈
묺,𮗓
묻,𮗖
뭀,𮗜
뭁,覽
뭇,𮗫
뭉,𮗭
뭊,𮗬
뭋,𮗲
뭕,𮗽
뭣,𮘊
뭭,𮘙
뭷,謹
뭼,𮘡
뭽,𮘥
뭾,𬢵
뮒,譓
뮕,𮘹
뮘,𮘽
뮟,𮙄
뮦,𧮂
뮮,𮙗
뮰,𮙚
뮳,𮙜
뮸,𫎇
뮺,毅
뮽,𮙦
믁,𮙭
믈,𮚁
믋,𮚍
믐,𮚚
믑,𮚕
믗,𮚦
믡,𮚰
믦,𮚴
믧,𬦌
믳,𮛙
믵,𮛪
믶,𮛡
믹,𫏖
민,𮜀
믾,𮜉
밀,𮜕
밉,𬧠
밎,𮜶
바,𮝀
밞,𨌺
밡,𮝞
밧,𮝩
방,𮝼
뱜,𮞉
뱝,𮞉
베,𮞟
벺,𮞙
벻,𨔯
벼,𮞚
볒,逺
볫,𮞰
봎,𮞾
봚,𮟈
봩,邉
봪,邉
봫,邉
봬,邉
봭,邉
봸,邉
뵅,邊
뵏,𫟪
뵐,𫟪
뵑,𮟗
뵔,𮟐
뵕,𮟐
뵣,𮟚
뵦,𮟘
뵩,邉
뵳,𮟣
붋,𮟲
붕,𮟻
붛,𫑨
붜,𫑨
붥,𮠘
붭,𮠭
붮,𮠳
붻,𮡏
붾,重
붿,𮡗
뷉,𮡦
뷋,𮡤
뷍,𨥅
뷐,𮡧
뷑,𮡪
뷒,𮡨
뷓,𮡫
뷙,𮡯
뷝,𮡰
뷟,𬫆
뷠,𮡮
뷥,𬫝
뷦,𮡴
뷮,𮡸
뷲,𮡼
뷳,𮡹
뷴,𮢀
뷼,𮢌
뷽,𮢃
뷾,𮢍
뷿,𮢕
븀,𮢖
븁,𮢊
브,𨩷
븏,𮢜
븐,𮢚
븑,𮢛
븒,𮢡
븗,𮢙
븘,𮢢
븣,𮢨
븤,𮢴
븥,鎭
븦,𮢬
븧,𬫺
븮,𮢻
븱,𮢼
븶,𮢾
븸,𮢿
븺,𮣍
븼,𫓆
븿,𮣗
빁,𮣏
빂,𬬎
비,𮣕
빇,𮣁
빍,𮣞
빎,𮣟
빑,𬬡
빜,𫔟
빤,𬮦
빥,𨵿
빦,𮤚
빩,𮤜
빬,𮤧
빭,𮤾
빱,𫕅
빳,𨺗
뺀,𮥙
뺉,𮥴
뺊,𮥵
뺍,𮥷
뺐,𮥾
뺒,𮦀
뺕,𭬲
뺖,𬯵
뺣,𬰁
뺤,𮦢
뺧,𮦜
뺮,𬰕
뺯,𮧀
뺰,𮧀
뻃,𮧒
뻊,𮧗
뻡,𮧲
뻢,𮧲
뻱,𩓙
뻳,𮨍
뻵,𫖢
뽁,𮨽
뽠,𮨾
뽻,𮩁
뿔,𫠉
뿖,𮩳
뿝,𮩺
뿠,𮪈
뿡,𬳯
뿵,𮪻
뿷,髟
뿻,𮫋
쀔,𮫵
쀗,𮫹
쀫,𮬀
쀭,𩹨
쀸,𮬇
쁂,𮬙
쁈,𮬰
쁊,𮬱
쁑,𮬹
쁗,鶡
쁙,𮭋
쁠,𮭐
쁣,𮭠
쁦,麁
쁬,𮮄
쁰,𮮆
삝,𮮹
삞,𮮾
삟,𫠚
삠,𮯃
삡,𮯅
삢,𮯄
삣,𮯇
삤,𮯈
삥,𮯎
삦,𮯌
삧,𮯋
사,龏
삯,𮯛
삱,𮯠
삵,𭎀
삾,湛
삿,澚
샍,荒
샢,𫝑
섉,㐇
섊,㐈
섋,㐉
섌,㐊
섍,㐋
섎,㐍
섏,㐎
섐,㐏
섑,㐐
섒,㐑
섓,㐒
섔,㐓
섕,㐔
섖,㐕
섗,㐗
섘,㐘
섙,㐙
섚,㐚
섛,㐛
서,㐝
석,㐞
섞,㐟
섟,㐠
선,㐢
섡,㐣
섢,㐥
섣,㐦
설,㔔
섥,㔖
섦,㕾
섧,㖋
섨,㖌
섩,㖍
섪,㖎
섫,㖙
섬,㖚
섭,㖛
섮,㖜
섯,㖝
섰,㖯
성,㖰
섲,㖲
섳,㖳
섴,㗟
섵,㗠
섶,㗡
섷,㗯
세,㘏
섹,㘒
섺,㠰
섻,㪲
센,㪳
섽,㫇
섾,㫈
섿,䎞
셀,䜳
셁,䪪
셂,乤
셃,乧
셄,乫
셅,乬
셆,乭
셇,乮
셈,乯
셉,乲
셊,乶
셋,乷
셌,乺
셍,乻
셎,乼
셏,乽
셒,兺
셕,哛
셖,唜
셗,唟
션,喸
셙,嗭
셛,峀
셜,巪
셝,巼
셟,廤
셣,敾
셤,旕
셨,櫶
셩,欌
셯,灐
셶,礖
셸,竗
셹,筽
셺,篒
셼,耉
셾,莻
셿,蒊
솂,鐥
솃,頀
솈,𮂻
솉,𮇎
솊,𭆂
솋,𬼟
셥,暳
귮,冢
귰,冤
巍,巍
됲,𣵠
둁,涿
璈,璈
문,覐
뮏,譄
뷞,銢
뻔,鞸
韠,韠
뻩,響
뿩,驊
꭮,𦿸
뭳,諄
긍,𭂲
뀢,𭓱
뀺,𪧨
뽺,𮩁
